group,role,exec_index,pos,status,median_us
0344,rev_001_ff230faf,0,0.7111111111111111,ok,381.0
0344,rev_001_ff230faf,1,0.03333333333333333,ok,368.0
0344,rev_001_ff230faf,2,0.5111111111111111,ok,376.5
0344,rev_001_ff230faf,3,0.9666666666666667,ok,372.5
0344,rev_001_ff230faf,4,0.8555555555555555,ok,351.0
0344,rev_001_ff230faf,5,0.5888888888888889,ok,369.5
0344,rev_001_ff230faf,6,0.6,ok,372.0
0344,rev_001_ff230faf,7,0.4777777777777778,ok,367.5
0344,rev_001_ff230faf,8,0.2777777777777778,ok,371.0
0344,rev_001_ff230faf,9,0.6444444444444445,ok,369.5
0344,rev_001_ff230faf,10,0.011111111111111112,ok,368.5
0344,rev_001_ff230faf,11,0.8888888888888888,ok,370.5
0344,rev_001_ff230faf,12,0.4,ok,375.0
0344,rev_001_ff230faf,13,0.9111111111111111,ok,376.0
0344,rev_001_ff230faf,14,0.9777777777777777,ok,366.0
0344,rev_002_76cef4b8,0,0.06666666666666667,ok,342.0
0344,rev_002_76cef4b8,1,0.5222222222222223,ok,339.0
0344,rev_002_76cef4b8,2,0.9222222222222223,ok,340.5
0344,rev_002_76cef4b8,3,0.43333333333333335,ok,340.5
0344,rev_002_76cef4b8,4,0.14444444444444443,ok,348.5
0344,rev_002_76cef4b8,5,0.7,ok,337.5
0344,rev_002_76cef4b8,6,0.6666666666666666,ok,340.5
0344,rev_002_76cef4b8,7,0.5555555555555556,ok,350.0
0344,rev_002_76cef4b8,8,0.4222222222222222,ok,341.0
0344,rev_002_76cef4b8,9,0.5777777777777777,ok,347.5
0344,rev_002_76cef4b8,10,0.7777777777777778,ok,342.0
0344,rev_002_76cef4b8,11,0.07777777777777778,ok,353.0
0344,rev_002_76cef4b8,12,0.8222222222222222,ok,345.0
0344,rev_002_76cef4b8,13,0.9333333333333333,ok,345.5
0344,rev_002_76cef4b8,14,0.8111111111111111,ok,341.0
0344,rev_003_759046c6,0,0.3111111111111111,ok,640.0
0344,rev_003_759046c6,1,0.9444444444444444,ok,633.5
0344,rev_003_759046c6,2,0.1,ok,642.5
0344,rev_003_759046c6,3,0.26666666666666666,ok,651.0
0344,rev_003_759046c6,4,0.4888888888888889,ok,639.0
0344,rev_003_759046c6,5,0.9555555555555556,ok,636.5
0344,rev_003_759046c6,6,0.4111111111111111,ok,638.5
0344,rev_003_759046c6,7,0.28888888888888886,ok,634.5
0344,rev_003_759046c6,8,0.5333333333333333,ok,627.0
0344,rev_003_759046c6,9,0.35555555555555557,ok,642.5
0344,rev_003_759046c6,10,0.08888888888888889,ok,648.0
0344,rev_003_759046c6,11,0.34444444444444444,ok,638.5
0344,rev_003_759046c6,12,0.022222222222222223,ok,652.0
0344,rev_003_759046c6,13,0.32222222222222224,ok,643.5
0344,rev_003_759046c6,14,0.6888888888888889,ok,639.5
0344,rev_004_ac39b5d2,0,0.1111111111111111,ok,339.0
0344,rev_004_ac39b5d2,1,0.37777777777777777,ok,345.5
0344,rev_004_ac39b5d2,2,0.12222222222222222,ok,338.0
0344,rev_004_ac39b5d2,3,0.6222222222222222,ok,342.0
0344,rev_004_ac39b5d2,4,0.2222222222222222,ok,321.5
0344,rev_004_ac39b5d2,5,0.5444444444444444,ok,343.0
0344,rev_004_ac39b5d2,6,0.2,ok,314.0
0344,rev_004_ac39b5d2,7,0.4666666666666667,ok,331.5
0344,rev_004_ac39b5d2,8,0.7555555555555555,ok,333.0
0344,rev_004_ac39b5d2,9,0.8666666666666667,ok,352.5
0344,rev_004_ac39b5d2,10,0.16666666666666666,ok,330.0
0344,rev_004_ac39b5d2,11,0.2111111111111111,ok,340.0
0344,rev_004_ac39b5d2,12,0.7333333333333333,ok,346.0
0344,rev_004_ac39b5d2,13,0.0,ok,348.5
0344,rev_004_ac39b5d2,14,0.15555555555555556,ok,346.0
0344,rev_005_18c0a1e4,0,0.6111111111111112,ok,3363.0
0344,rev_005_18c0a1e4,1,0.3333333333333333,ok,3381.5
0344,rev_005_18c0a1e4,2,0.17777777777777778,ok,3365.0
0344,rev_005_18c0a1e4,3,0.25555555555555554,ok,3332.5
0344,rev_005_18c0a1e4,4,0.8,ok,3390.5
0344,rev_005_18c0a1e4,5,0.4444444444444444,ok,3360.5
0344,rev_005_18c0a1e4,6,0.05555555555555555,ok,3372.0
0344,rev_005_18c0a1e4,7,0.13333333333333333,ok,3375.5
0344,rev_005_18c0a1e4,8,0.45555555555555555,ok,3391.0
0344,rev_005_18c0a1e4,9,0.9,ok,3406.0
0344,rev_005_18c0a1e4,10,0.18888888888888888,ok,3326.5
0344,rev_005_18c0a1e4,11,0.3,ok,3353.5
0344,rev_005_18c0a1e4,12,0.044444444444444446,ok,3419.5
0344,rev_005_18c0a1e4,13,0.5,ok,3357.0
0344,rev_005_18c0a1e4,14,0.6777777777777778,ok,3363.5
0344,rev_006_972e1f89,0,0.8777777777777778,ok,3314.5
0344,rev_006_972e1f89,1,0.7888888888888889,ok,3323.5
0344,rev_006_972e1f89,2,0.3888888888888889,ok,3316.0
0344,rev_006_972e1f89,3,0.5666666666666667,ok,3307.5
0344,rev_006_972e1f89,4,0.24444444444444444,ok,3374.5
0344,rev_006_972e1f89,5,0.8333333333333334,ok,3315.5
0344,rev_006_972e1f89,6,0.9888888888888889,ok,3357.0
0344,rev_006_972e1f89,7,0.6333333333333333,ok,3295.5
0344,rev_006_972e1f89,8,0.6555555555555556,ok,3263.5
0344,rev_006_972e1f89,9,0.7444444444444445,ok,3311.0
0344,rev_006_972e1f89,10,0.23333333333333334,ok,3308.5
0344,rev_006_972e1f89,11,0.7222222222222222,ok,3317.5
0344,rev_006_972e1f89,12,0.8444444444444444,ok,3376.0
0344,rev_006_972e1f89,13,0.36666666666666664,ok,3251.0
0344,rev_006_972e1f89,14,0.7666666666666667,ok,3291.0
0358,rev_001_f2c4f84f,0,0.5777777777777777,ok,3274.0
0358,rev_001_f2c4f84f,1,0.9333333333333333,ok,3287.5
0358,rev_001_f2c4f84f,2,0.7333333333333333,ok,3321.0
0358,rev_001_f2c4f84f,3,0.2,ok,3288.0
0358,rev_001_f2c4f84f,4,0.24444444444444444,ok,3314.5
0358,rev_001_f2c4f84f,5,0.7777777777777778,ok,3278.5
0358,rev_001_f2c4f84f,6,0.8222222222222222,ok,3300.0
0358,rev_001_f2c4f84f,7,0.9555555555555556,ok,3271.5
0358,rev_001_f2c4f84f,8,0.8444444444444444,ok,3276.0
0358,rev_001_f2c4f84f,9,0.1111111111111111,ok,3289.5
0358,rev_001_f2c4f84f,10,0.06666666666666667,ok,3366.5
0358,rev_001_f2c4f84f,11,0.3111111111111111,ok,3325.5
0358,rev_001_f2c4f84f,12,0.17777777777777778,ok,3270.5
0358,rev_001_f2c4f84f,13,0.4444444444444444,ok,3305.0
0358,rev_001_f2c4f84f,14,0.8666666666666667,ok,3269.0
0358,rev_002_7abfca15,0,0.8888888888888888,ok,3309.0
0358,rev_002_7abfca15,1,0.6222222222222222,ok,3267.5
0358,rev_002_7abfca15,2,0.9111111111111111,ok,3297.0
0358,rev_002_7abfca15,3,0.0,ok,3298.0
0358,rev_002_7abfca15,4,0.6,ok,3239.0
0358,rev_002_7abfca15,5,0.4888888888888889,ok,3306.0
0358,rev_002_7abfca15,6,0.022222222222222223,ok,3248.0
0358,rev_002_7abfca15,7,0.5111111111111111,ok,3273.5
0358,rev_002_7abfca15,8,0.08888888888888889,ok,3337.5
0358,rev_002_7abfca15,9,0.28888888888888886,ok,3283.0
0358,rev_002_7abfca15,10,0.4666666666666667,ok,3322.0
0358,rev_002_7abfca15,11,0.35555555555555557,ok,3268.0
0358,rev_002_7abfca15,12,0.7555555555555555,ok,3278.0
0358,rev_002_7abfca15,13,0.13333333333333333,ok,3293.5
0358,rev_002_7abfca15,14,0.4222222222222222,ok,3300.5
0358,rev_003_f7c129c1,0,0.5333333333333333,ok,3386.5
0358,rev_003_f7c129c1,1,0.3333333333333333,ok,3301.0
0358,rev_003_f7c129c1,2,0.15555555555555556,ok,3316.0
0358,rev_003_f7c129c1,3,0.2222222222222222,ok,3322.0
0358,rev_003_f7c129c1,4,0.8,ok,3354.0
0358,rev_003_f7c129c1,5,0.6888888888888889,ok,3294.5
0358,rev_003_f7c129c1,6,0.044444444444444446,ok,3311.5
0358,rev_003_f7c129c1,7,0.6666666666666666,ok,3328.5
0358,rev_003_f7c129c1,8,0.37777777777777777,ok,3333.0
0358,rev_003_f7c129c1,9,0.4,ok,3320.0
0358,rev_003_f7c129c1,10,0.9777777777777777,ok,3340.5
0358,rev_003_f7c129c1,11,0.5555555555555556,ok,3378.5
0358,rev_003_f7c129c1,12,0.7111111111111111,ok,3328.0
0358,rev_003_f7c129c1,13,0.6444444444444445,ok,3324.5
0358,rev_003_f7c129c1,14,0.26666666666666666,ok,3314.5
0436,rev_001_a227e88a,0,0.5777777777777777,ok,3110.0
0436,rev_001_a227e88a,1,0.9333333333333333,ok,5130.0
0436,rev_001_a227e88a,2,0.7333333333333333,ok,5162.0
0436,rev_001_a227e88a,3,0.2,ok,3035.0
0436,rev_001_a227e88a,4,0.24444444444444444,ok,3076.5
0436,rev_001_a227e88a,5,0.7777777777777778,ok,5086.5
0436,rev_001_a227e88a,6,0.8222222222222222,ok,5185.0
0436,rev_001_a227e88a,7,0.9555555555555556,ok,5181.5
0436,rev_001_a227e88a,8,0.8444444444444444,ok,5137.0
0436,rev_001_a227e88a,9,0.1111111111111111,ok,3089.0
0436,rev_001_a227e88a,10,0.06666666666666667,ok,3031.0
0436,rev_001_a227e88a,11,0.3111111111111111,ok,3078.0
0436,rev_001_a227e88a,12,0.17777777777777778,ok,3058.0
0436,rev_001_a227e88a,13,0.4444444444444444,ok,3056.0
0436,rev_001_a227e88a,14,0.8666666666666667,ok,5077.0
0436,rev_003_d3cbdcbd,0,0.8888888888888888,ok,5231.0
0436,rev_003_d3cbdcbd,1,0.6222222222222222,ok,3185.0
0436,rev_003_d3cbdcbd,2,0.9111111111111111,ok,5113.0
0436,rev_003_d3cbdcbd,3,0.0,ok,3161.0
0436,rev_003_d3cbdcbd,4,0.6,ok,3218.5
0436,rev_003_d3cbdcbd,5,0.4888888888888889,ok,3122.0
0436,rev_003_d3cbdcbd,6,0.022222222222222223,ok,3138.5
0436,rev_003_d3cbdcbd,7,0.5111111111111111,ok,3136.5
0436,rev_003_d3cbdcbd,8,0.08888888888888889,ok,3112.5
0436,rev_003_d3cbdcbd,9,0.28888888888888886,ok,3142.0
0436,rev_003_d3cbdcbd,10,0.4666666666666667,ok,3168.5
0436,rev_003_d3cbdcbd,11,0.35555555555555557,ok,3159.5
0436,rev_003_d3cbdcbd,12,0.7555555555555555,ok,5139.5
0436,rev_003_d3cbdcbd,13,0.13333333333333333,ok,3153.5
0436,rev_003_d3cbdcbd,14,0.4222222222222222,ok,3143.0
0436,rev_004_f78abd3a,0,0.5333333333333333,ok,3048.5
0436,rev_004_f78abd3a,1,0.3333333333333333,ok,3067.0
0436,rev_004_f78abd3a,2,0.15555555555555556,ok,3052.5
0436,rev_004_f78abd3a,3,0.2222222222222222,ok,3059.0
0436,rev_004_f78abd3a,4,0.8,ok,5288.5
0436,rev_004_f78abd3a,5,0.6888888888888889,ok,5168.5
0436,rev_004_f78abd3a,6,0.044444444444444446,ok,3095.5
0436,rev_004_f78abd3a,7,0.6666666666666666,ok,5112.0
0436,rev_004_f78abd3a,8,0.37777777777777777,ok,3099.0
0436,rev_004_f78abd3a,9,0.4,ok,3064.0
0436,rev_004_f78abd3a,10,0.9777777777777777,ok,5306.0
0436,rev_004_f78abd3a,11,0.5555555555555556,ok,3108.0
0436,rev_004_f78abd3a,12,0.7111111111111111,ok,5259.0
0436,rev_004_f78abd3a,13,0.6444444444444445,ok,3153.0
0436,rev_004_f78abd3a,14,0.26666666666666666,ok,3037.0
0529,rev_001_14993d48,0,0.5333333333333333,ok,3563.5
0529,rev_001_14993d48,1,0.025,ok,3316.0
0529,rev_001_14993d48,2,0.38333333333333336,ok,3598.5
0529,rev_001_14993d48,3,0.725,ok,3277.0
0529,rev_001_14993d48,4,0.6416666666666667,ok,3540.5
0529,rev_001_14993d48,5,0.44166666666666665,ok,3527.0
0529,rev_001_14993d48,6,0.45,ok,3540.0
0529,rev_001_14993d48,7,0.35833333333333334,ok,2943.0
0529,rev_001_14993d48,8,0.20833333333333334,ok,3162.5
0529,rev_001_14993d48,9,0.48333333333333334,ok,3245.5
0529,rev_001_14993d48,10,0.008333333333333333,ok,3582.5
0529,rev_001_14993d48,11,0.6666666666666666,ok,3527.0
0529,rev_001_14993d48,12,0.3,ok,3411.0
0529,rev_001_14993d48,13,0.6833333333333333,ok,3542.0
0529,rev_001_14993d48,14,0.7333333333333333,ok,3169.0
0529,rev_002_85b46635,0,0.05,ok,3274.0
0529,rev_002_85b46635,1,0.39166666666666666,ok,3565.5
0529,rev_002_85b46635,2,0.6916666666666667,ok,3506.0
0529,rev_002_85b46635,3,0.325,ok,3300.0
0529,rev_002_85b46635,4,0.10833333333333334,ok,3497.5
0529,rev_002_85b46635,5,0.525,ok,3488.5
0529,rev_002_85b46635,6,0.5,ok,3109.0
0529,rev_002_85b46635,7,0.4166666666666667,ok,3094.5
0529,rev_002_85b46635,8,0.31666666666666665,ok,3007.5
0529,rev_002_85b46635,9,0.43333333333333335,ok,3089.5
0529,rev_002_85b46635,10,0.5833333333333334,ok,3505.5
0529,rev_002_85b46635,11,0.058333333333333334,ok,3254.0
0529,rev_002_85b46635,12,0.6166666666666667,ok,3508.0
0529,rev_002_85b46635,13,0.7,ok,3515.5
0529,rev_002_85b46635,14,0.6083333333333333,ok,3356.5
0529,rev_006_072b03e4,0,0.23333333333333334,ok,3171.5
0529,rev_006_072b03e4,1,0.7083333333333334,ok,3246.0
0529,rev_006_072b03e4,2,0.075,ok,3220.5
0529,rev_006_072b03e4,3,0.2,ok,3136.0
0529,rev_006_072b03e4,4,0.36666666666666664,ok,3225.0
0529,rev_006_072b03e4,5,0.7166666666666667,ok,3231.5
0529,rev_006_072b03e4,6,0.30833333333333335,ok,3145.5
0529,rev_006_072b03e4,7,0.21666666666666667,ok,3208.0
0529,rev_006_072b03e4,8,0.4,ok,3256.0
0529,rev_006_072b03e4,9,0.26666666666666666,ok,3210.0
0529,rev_006_072b03e4,10,0.06666666666666667,ok,3212.0
0529,rev_006_072b03e4,11,0.25833333333333336,ok,3224.0
0529,rev_006_072b03e4,12,0.016666666666666666,ok,2832.5
0529,rev_006_072b03e4,13,0.24166666666666667,ok,3178.5
0529,rev_006_072b03e4,14,0.5166666666666667,ok,3164.0
0529,rev_006_ac191eff,0,0.08333333333333333,ok,3217.5
0529,rev_006_ac191eff,1,0.2833333333333333,ok,3151.0
0529,rev_006_ac191eff,2,0.09166666666666666,ok,3077.0
0529,rev_006_ac191eff,3,0.4666666666666667,ok,2790.5
0529,rev_006_ac191eff,4,0.16666666666666666,ok,3204.5
0529,rev_006_ac191eff,5,0.4083333333333333,ok,2905.5
0529,rev_006_ac191eff,6,0.15,ok,3215.0
0529,rev_006_ac191eff,7,0.35,ok,3165.0
0529,rev_006_ac191eff,8,0.5666666666666667,ok,3204.0
0529,rev_006_ac191eff,9,0.65,ok,3227.5
0529,rev_006_ac191eff,10,0.125,ok,2877.0
0529,rev_006_ac191eff,11,0.15833333333333333,ok,2809.5
0529,rev_006_ac191eff,12,0.55,ok,2979.5
0529,rev_006_ac191eff,13,0.0,ok,3200.5
0529,rev_006_ac191eff,14,0.11666666666666667,ok,3069.0
0529,rev_007_ac191eff,0,0.8416666666666667,ok,3222.5
0529,rev_007_ac191eff,1,0.9416666666666667,ok,3184.5
0529,rev_007_ac191eff,2,0.7666666666666667,ok,3190.0
0529,rev_007_ac191eff,3,0.775,ok,3193.0
0529,rev_007_ac191eff,4,0.9916666666666667,ok,3192.0
0529,rev_007_ac191eff,5,0.75,ok,3200.0
0529,rev_007_ac191eff,6,0.7833333333333333,ok,3222.0
0529,rev_007_ac191eff,7,0.8,ok,2833.5
0529,rev_007_ac191eff,8,0.8083333333333333,ok,2949.5
0529,rev_007_ac191eff,9,0.825,ok,2977.5
0529,rev_007_ac191eff,10,0.8916666666666667,ok,3177.5
0529,rev_007_ac191eff,11,0.8666666666666667,ok,3116.5
0529,rev_007_ac191eff,12,0.95,ok,3034.0
0529,rev_007_ac191eff,13,0.8583333333333333,ok,3194.0
0529,rev_007_ac191eff,14,0.9,ok,3055.0
0529,rev_008_5c837516,0,0.4583333333333333,ok,3101.5
0529,rev_008_5c837516,1,0.25,ok,3010.0
0529,rev_008_5c837516,2,0.13333333333333333,ok,3150.5
0529,rev_008_5c837516,3,0.19166666666666668,ok,2968.5
0529,rev_008_5c837516,4,0.6,ok,3244.0
0529,rev_008_5c837516,5,0.3333333333333333,ok,3211.0
0529,rev_008_5c837516,6,0.041666666666666664,ok,3127.5
0529,rev_008_5c837516,7,0.1,ok,3139.5
0529,rev_008_5c837516,8,0.3416666666666667,ok,3183.5
0529,rev_008_5c837516,9,0.675,ok,3194.0
0529,rev_008_5c837516,10,0.14166666666666666,ok,3146.0
0529,rev_008_5c837516,11,0.225,ok,3157.0
0529,rev_008_5c837516,12,0.03333333333333333,ok,3145.0
0529,rev_008_5c837516,13,0.375,ok,3201.0
0529,rev_008_5c837516,14,0.5083333333333333,ok,3194.5
0529,rev_010_9ed8fc40,0,0.6583333333333333,ok,3204.5
0529,rev_010_9ed8fc40,1,0.5916666666666667,ok,3204.0
0529,rev_010_9ed8fc40,2,0.2916666666666667,ok,3204.5
0529,rev_010_9ed8fc40,3,0.425,ok,3218.0
0529,rev_010_9ed8fc40,4,0.18333333333333332,ok,3142.5
0529,rev_010_9ed8fc40,5,0.625,ok,3188.5
0529,rev_010_9ed8fc40,6,0.7416666666666667,ok,3189.0
0529,rev_010_9ed8fc40,7,0.475,ok,3208.0
0529,rev_010_9ed8fc40,8,0.49166666666666664,ok,3099.0
0529,rev_010_9ed8fc40,9,0.5583333333333333,ok,2945.5
0529,rev_010_9ed8fc40,10,0.175,ok,3159.5
0529,rev_010_9ed8fc40,11,0.5416666666666666,ok,3156.0
0529,rev_010_9ed8fc40,12,0.6333333333333333,ok,3187.5
0529,rev_010_9ed8fc40,13,0.275,ok,3237.5
0529,rev_010_9ed8fc40,14,0.575,ok,3190.5
0529,rev_011_9ed8fc40,0,0.9166666666666666,ok,2866.5
0529,rev_011_9ed8fc40,1,0.9583333333333334,ok,3007.5
0529,rev_011_9ed8fc40,2,0.9333333333333333,ok,3245.0
0529,rev_011_9ed8fc40,3,0.8166666666666667,ok,3124.5
0529,rev_011_9ed8fc40,4,0.7916666666666666,ok,3143.0
0529,rev_011_9ed8fc40,5,0.875,ok,3163.0
0529,rev_011_9ed8fc40,6,0.975,ok,2651.5
0529,rev_011_9ed8fc40,7,0.8333333333333334,ok,3108.5
0529,rev_011_9ed8fc40,8,0.925,ok,3149.5
0529,rev_011_9ed8fc40,9,0.7583333333333333,ok,3197.0
0529,rev_011_9ed8fc40,10,0.9083333333333333,ok,3015.0
0529,rev_011_9ed8fc40,11,0.9833333333333333,ok,3144.0
0529,rev_011_9ed8fc40,12,0.9666666666666667,ok,3192.5
0529,rev_011_9ed8fc40,13,0.85,ok,2747.5
0529,rev_011_9ed8fc40,14,0.8833333333333333,ok,3167.0
0629,rev_001_a8ce423c,0,0.08,ok,2495.0
0629,rev_001_a8ce423c,1,0.8466666666666667,ok,2521.0
0629,rev_001_a8ce423c,2,0.4,ok,2452.0
0629,rev_001_a8ce423c,3,0.17333333333333334,ok,2493.0
0629,rev_001_a8ce423c,4,0.36666666666666664,ok,2458.5
0629,rev_001_a8ce423c,5,0.7,ok,2482.0
0629,rev_001_a8ce423c,6,0.9866666666666667,ok,2497.0
0629,rev_001_a8ce423c,7,0.92,ok,2469.0
0629,rev_001_a8ce423c,8,0.9266666666666666,ok,2464.5
0629,rev_001_a8ce423c,9,0.4866666666666667,ok,2487.5
0629,rev_001_a8ce423c,10,0.66,ok,2493.0
0629,rev_001_a8ce423c,11,0.76,ok,2491.5
0629,rev_001_a8ce423c,12,0.7466666666666667,ok,2476.0
0629,rev_001_a8ce423c,13,0.7666666666666667,ok,2475.5
0629,rev_001_a8ce423c,14,0.41333333333333333,ok,2460.0
0629,rev_002_235e757f,0,0.6733333333333333,ok,2484.0
0629,rev_002_235e757f,1,0.2866666666666667,ok,2465.5
0629,rev_002_235e757f,2,0.37333333333333335,ok,2459.5
0629,rev_002_235e757f,3,0.11333333333333333,ok,2464.0
0629,rev_002_235e757f,4,0.7933333333333333,ok,2495.0
0629,rev_002_235e757f,5,0.8266666666666667,ok,2505.0
0629,rev_002_235e757f,6,0.48,ok,2496.5
0629,rev_002_235e757f,7,0.94,ok,2464.5
0629,rev_002_235e757f,8,0.9133333333333333,ok,2453.5
0629,rev_002_235e757f,9,0.6133333333333333,ok,2473.5
0629,rev_002_235e757f,10,0.38,ok,2496.5
0629,rev_002_235e757f,11,0.9533333333333334,ok,2472.5
0629,rev_002_235e757f,12,0.7866666666666666,ok,2484.0
0629,rev_002_235e757f,13,0.9933333333333333,ok,2515.5
0629,rev_002_235e757f,14,0.58,ok,2548.5
0629,rev_004_d6878cfb,0,0.12666666666666668,ok,4710.0
0629,rev_004_d6878cfb,1,0.4666666666666667,ok,4570.5
0629,rev_004_d6878cfb,2,0.1,ok,4583.5
0629,rev_004_d6878cfb,3,0.7133333333333334,ok,4534.5
0629,rev_004_d6878cfb,4,0.49333333333333335,ok,4496.0
0629,rev_004_d6878cfb,5,0.96,ok,4606.5
0629,rev_004_d6878cfb,6,0.35333333333333333,ok,4574.0
0629,rev_004_d6878cfb,7,0.6466666666666666,ok,4603.5
0629,rev_004_d6878cfb,8,0.06,ok,4622.5
0629,rev_004_d6878cfb,9,0.04666666666666667,ok,4556.0
0629,rev_004_d6878cfb,10,0.05333333333333334,ok,4603.0
0629,rev_004_d6878cfb,11,0.4266666666666667,ok,4650.5
0629,rev_004_d6878cfb,12,0.21333333333333335,ok,4538.0
0629,rev_004_d6878cfb,13,0.8066666666666666,ok,4667.5
0629,rev_004_d6878cfb,14,0.7266666666666667,ok,4646.0
0629,rev_007_39cfa6cf,0,0.74,ok,4594.0
0629,rev_007_39cfa6cf,1,0.6266666666666667,ok,4640.5
0629,rev_007_39cfa6cf,2,0.5133333333333333,ok,4617.5
0629,rev_007_39cfa6cf,3,0.7533333333333333,ok,4566.5
0629,rev_007_39cfa6cf,4,0.30666666666666664,ok,4649.5
0629,rev_007_39cfa6cf,5,0.88,ok,4591.0
0629,rev_007_39cfa6cf,6,0.3933333333333333,ok,4553.5
0629,rev_007_39cfa6cf,7,0.4066666666666667,ok,4629.0
0629,rev_007_39cfa6cf,8,0.18,ok,4612.0
0629,rev_007_39cfa6cf,9,0.8133333333333334,ok,4650.5
0629,rev_007_39cfa6cf,10,0.9066666666666666,ok,4557.0
0629,rev_007_39cfa6cf,11,0.8666666666666667,ok,4514.0
0629,rev_007_39cfa6cf,12,0.9666666666666667,ok,4532.5
0629,rev_007_39cfa6cf,13,0.6866666666666666,ok,4586.0
0629,rev_007_39cfa6cf,14,0.9,ok,4601.5
0629,rev_014_bca4e2e7,0,0.2,ok,4564.5
0629,rev_014_bca4e2e7,1,0.03333333333333333,ok,4568.0
0629,rev_014_bca4e2e7,2,0.9733333333333334,ok,4609.5
0629,rev_014_bca4e2e7,3,0.0,ok,4624.0
0629,rev_014_bca4e2e7,4,0.32666666666666666,ok,4541.5
0629,rev_014_bca4e2e7,5,0.06666666666666667,ok,4530.0
0629,rev_014_bca4e2e7,6,0.26,ok,4595.5
0629,rev_014_bca4e2e7,7,0.20666666666666667,ok,4528.5
0629,rev_014_bca4e2e7,8,0.68,ok,4488.0
0629,rev_014_bca4e2e7,9,0.38666666666666666,ok,4560.5
0629,rev_014_bca4e2e7,10,0.98,ok,4576.5
0629,rev_014_bca4e2e7,11,0.8533333333333334,ok,4511.0
0629,rev_014_bca4e2e7,12,0.14666666666666667,ok,4539.0
0629,rev_014_bca4e2e7,13,0.62,ok,4532.0
0629,rev_014_bca4e2e7,14,0.44,ok,4534.0
0629,rev_018_62f7d97f,0,0.02666666666666667,ok,4510.5
0629,rev_018_62f7d97f,1,0.3466666666666667,ok,4523.0
0629,rev_018_62f7d97f,2,0.72,ok,4440.0
0629,rev_018_62f7d97f,3,0.46,ok,4555.0
0629,rev_018_62f7d97f,4,0.6333333333333333,ok,4523.0
0629,rev_018_62f7d97f,5,0.64,ok,4621.0
0629,rev_018_62f7d97f,6,0.26666666666666666,ok,4610.5
0629,rev_018_62f7d97f,7,0.44666666666666666,ok,4636.5
0629,rev_018_62f7d97f,8,0.12,ok,4543.0
0629,rev_018_62f7d97f,9,0.5866666666666667,ok,4599.5
0629,rev_018_62f7d97f,10,0.07333333333333333,ok,4524.5
0629,rev_018_62f7d97f,11,0.24666666666666667,ok,4622.5
0629,rev_018_62f7d97f,12,0.56,ok,4531.5
0629,rev_018_62f7d97f,13,0.3,ok,4551.5
0629,rev_018_62f7d97f,14,0.82,ok,4535.5
0629,rev_019_9016c75d,0,0.6066666666666667,ok,4564.5
0629,rev_019_9016c75d,1,0.28,ok,4548.5
0629,rev_019_9016c75d,2,0.19333333333333333,ok,4537.0
0629,rev_019_9016c75d,3,0.6933333333333334,ok,4568.0
0629,rev_019_9016c75d,4,0.5266666666666666,ok,4570.5
0629,rev_019_9016c75d,5,0.09333333333333334,ok,4581.0
0629,rev_019_9016c75d,6,0.34,ok,4551.5
0629,rev_019_9016c75d,7,0.84,ok,4549.5
0629,rev_019_9016c75d,8,0.32,ok,4627.5
0629,rev_019_9016c75d,9,0.5666666666666667,ok,4515.5
0629,rev_019_9016c75d,10,0.5466666666666666,ok,4530.5
0629,rev_019_9016c75d,11,0.2733333333333333,ok,4678.0
0629,rev_019_9016c75d,12,0.47333333333333333,ok,4465.5
0629,rev_019_9016c75d,13,0.8333333333333334,ok,4606.5
0629,rev_019_9016c75d,14,0.29333333333333333,ok,4514.0
0629,rev_020_d912c4c5,0,0.5933333333333334,ok,4750.0
0629,rev_020_d912c4c5,1,0.5333333333333333,ok,4696.0
0629,rev_020_d912c4c5,2,0.8733333333333333,ok,4766.5
0629,rev_020_d912c4c5,3,0.9333333333333333,ok,4789.5
0629,rev_020_d912c4c5,4,0.013333333333333334,ok,4738.0
0629,rev_020_d912c4c5,5,0.23333333333333334,ok,4771.5
0629,rev_020_d912c4c5,6,0.5066666666666667,ok,4681.5
0629,rev_020_d912c4c5,7,0.5533333333333333,ok,4693.5
0629,rev_020_d912c4c5,8,0.6666666666666666,ok,4783.0
0629,rev_020_d912c4c5,9,0.86,ok,4735.0
0629,rev_020_d912c4c5,10,0.36,ok,4694.0
0629,rev_020_d912c4c5,11,0.25333333333333335,ok,4698.5
0629,rev_020_d912c4c5,12,0.5733333333333334,ok,4673.5
0629,rev_020_d912c4c5,13,0.24,ok,4758.5
0629,rev_020_d912c4c5,14,0.13333333333333333,ok,4743.0
0629,rev_022_ef044d72,0,0.54,ok,4806.0
0629,rev_022_ef044d72,1,0.7733333333333333,ok,4764.0
0629,rev_022_ef044d72,2,0.3333333333333333,ok,4868.5
0629,rev_022_ef044d72,3,0.15333333333333332,ok,4800.0
0629,rev_022_ef044d72,4,0.52,ok,4747.5
0629,rev_022_ef044d72,5,0.7066666666666667,ok,4768.5
0629,rev_022_ef044d72,6,0.78,ok,4793.0
0629,rev_022_ef044d72,7,0.18666666666666668,ok,4784.5
0629,rev_022_ef044d72,8,0.16,ok,4785.5
0629,rev_022_ef044d72,9,0.8933333333333333,ok,4773.5
0629,rev_022_ef044d72,10,0.04,ok,4897.5
0629,rev_022_ef044d72,11,0.10666666666666667,ok,4816.0
0629,rev_022_ef044d72,12,0.14,ok,4833.0
0629,rev_022_ef044d72,13,0.006666666666666667,ok,4788.0
0629,rev_022_ef044d72,14,0.02,ok,4770.0
0629,rev_023_80728fdb,0,0.4533333333333333,ok,4854.5
0629,rev_023_80728fdb,1,0.16666666666666666,ok,4767.5
0629,rev_023_80728fdb,2,0.22666666666666666,ok,4778.0
0629,rev_023_80728fdb,3,0.42,ok,4817.5
0629,rev_023_80728fdb,4,0.9466666666666667,ok,4761.5
0629,rev_023_80728fdb,5,0.7333333333333333,ok,4759.5
0629,rev_023_80728fdb,6,0.08666666666666667,ok,4831.5
0629,rev_023_80728fdb,7,0.6,ok,4803.5
0629,rev_023_80728fdb,8,0.5,ok,4734.0
0629,rev_023_80728fdb,9,0.8,ok,4803.5
0629,rev_023_80728fdb,10,0.31333333333333335,ok,4751.5
0629,rev_023_80728fdb,11,0.22,ok,4782.0
0629,rev_023_80728fdb,12,0.6533333333333333,ok,4759.0
0629,rev_023_80728fdb,13,0.8866666666666667,ok,4714.0
0629,rev_023_80728fdb,14,0.43333333333333335,ok,4745.5
0854,rev_001_36f9332f,0,0.43333333333333335,ok,1413.0
0854,rev_001_36f9332f,1,0.95,ok,1457.0
0854,rev_001_36f9332f,2,0.7166666666666667,ok,1434.5
0854,rev_001_36f9332f,3,0.26666666666666666,ok,1408.0
0854,rev_001_36f9332f,4,0.31666666666666665,ok,1415.0
0854,rev_001_36f9332f,5,0.7666666666666667,ok,1392.5
0854,rev_001_36f9332f,6,0.8333333333333334,ok,1406.0
0854,rev_001_36f9332f,7,0.9666666666666667,ok,1415.5
0854,rev_001_36f9332f,8,0.8666666666666667,ok,1411.5
0854,rev_001_36f9332f,9,0.16666666666666666,ok,1404.5
0854,rev_001_36f9332f,10,0.35,ok,1395.0
0854,rev_001_36f9332f,11,0.05,ok,1430.5
0854,rev_001_36f9332f,12,0.5833333333333334,ok,1456.0
0854,rev_001_36f9332f,13,0.6666666666666666,ok,1393.0
0854,rev_001_36f9332f,14,0.8833333333333333,ok,1432.0
0854,rev_002_fb35943d,0,0.9,ok,1470.5
0854,rev_002_fb35943d,1,0.06666666666666667,ok,1412.5
0854,rev_002_fb35943d,2,0.9166666666666666,ok,1413.5
0854,rev_002_fb35943d,3,0.5,ok,1429.5
0854,rev_002_fb35943d,4,0.15,ok,1413.0
0854,rev_002_fb35943d,5,0.08333333333333333,ok,1427.5
0854,rev_002_fb35943d,6,0.2833333333333333,ok,1429.0
0854,rev_002_fb35943d,7,0.38333333333333336,ok,1419.0
0854,rev_002_fb35943d,8,0.016666666666666666,ok,1404.5
0854,rev_002_fb35943d,9,0.4166666666666667,ok,1441.0
0854,rev_002_fb35943d,10,0.4666666666666667,ok,1421.5
0854,rev_002_fb35943d,11,0.55,ok,1427.5
0854,rev_002_fb35943d,12,0.7333333333333333,ok,1424.5
0854,rev_002_fb35943d,13,0.5166666666666667,ok,1405.5
0854,rev_002_fb35943d,14,0.3333333333333333,ok,1480.5
0854,rev_004_feb1342a,0,0.23333333333333334,ok,1434.0
0854,rev_004_feb1342a,1,0.2,ok,1444.5
0854,rev_004_feb1342a,2,0.6333333333333333,ok,1423.5
0854,rev_004_feb1342a,3,0.13333333333333333,ok,1434.0
0854,rev_004_feb1342a,4,0.7833333333333333,ok,1475.5
0854,rev_004_feb1342a,5,0.6,ok,1428.5
0854,rev_004_feb1342a,6,0.18333333333333332,ok,1447.0
0854,rev_004_feb1342a,7,0.75,ok,1425.5
0854,rev_004_feb1342a,8,0.0,ok,1430.5
0854,rev_004_feb1342a,9,0.5333333333333333,ok,1415.5
0854,rev_004_feb1342a,10,0.9833333333333333,ok,1500.5
0854,rev_004_feb1342a,11,0.4,ok,1416.0
0854,rev_004_feb1342a,12,0.6166666666666667,ok,1412.0
0854,rev_004_feb1342a,13,0.8166666666666667,ok,1424.0
0854,rev_004_feb1342a,14,0.45,ok,1434.5
0854,rev_015_c777ccbb,0,0.21666666666666667,ok,2169.5
0854,rev_015_c777ccbb,1,0.6833333333333333,ok,2191.0
0854,rev_015_c777ccbb,2,0.9333333333333333,ok,2167.5
0854,rev_015_c777ccbb,3,0.5666666666666667,ok,2150.0
0854,rev_015_c777ccbb,4,0.25,ok,2141.5
0854,rev_015_c777ccbb,5,0.3,ok,2124.5
0854,rev_015_c777ccbb,6,0.8,ok,2128.0
0854,rev_015_c777ccbb,7,0.48333333333333334,ok,2200.5
0854,rev_015_c777ccbb,8,0.65,ok,2193.5
0854,rev_015_c777ccbb,9,0.03333333333333333,ok,2137.0
0854,rev_015_c777ccbb,10,0.1,ok,2142.0
0854,rev_015_c777ccbb,11,0.85,ok,2134.0
0854,rev_015_c777ccbb,12,0.7,ok,2139.5
0854,rev_015_c777ccbb,13,0.11666666666666667,ok,2164.0
0854,rev_015_c777ccbb,14,0.36666666666666664,ok,2203.0
0856,rev_001_a8208431,0,0.9,ok,3896.0
0856,rev_001_a8208431,1,0.5333333333333333,ok,3958.5
0856,rev_001_a8208431,2,0.6333333333333333,ok,3882.5
0856,rev_001_a8208431,3,0.9333333333333333,ok,3969.0
0856,rev_001_a8208431,4,0.7333333333333333,ok,4001.5
0856,rev_001_a8208431,5,0.2,ok,3973.5
0856,rev_001_a8208431,6,0.16666666666666666,ok,3949.5
0856,rev_001_a8208431,7,0.8,ok,3928.5
0856,rev_001_a8208431,8,0.8333333333333334,ok,3947.5
0856,rev_001_a8208431,9,0.3333333333333333,ok,3905.0
0856,rev_001_a8208431,10,0.06666666666666667,ok,3987.5
0856,rev_001_a8208431,11,0.26666666666666666,ok,3328.5
0856,rev_001_a8208431,12,0.23333333333333334,ok,3941.5
0856,rev_001_a8208431,13,0.5666666666666667,ok,3854.5
0856,rev_001_a8208431,14,0.03333333333333333,ok,3914.5
0856,rev_002_5939b95b,0,0.3,ok,3571.5
0856,rev_002_5939b95b,1,0.4666666666666667,ok,3898.0
0856,rev_002_5939b95b,2,0.6666666666666666,ok,3926.0
0856,rev_002_5939b95b,3,0.6,ok,3949.0
0856,rev_002_5939b95b,4,0.0,ok,3909.5
0856,rev_002_5939b95b,5,0.9666666666666667,ok,3845.5
0856,rev_002_5939b95b,6,0.43333333333333335,ok,3937.5
0856,rev_002_5939b95b,7,0.13333333333333333,ok,3953.0
0856,rev_002_5939b95b,8,0.8666666666666667,ok,3948.0
0856,rev_002_5939b95b,9,0.7666666666666667,ok,3933.5
0856,rev_002_5939b95b,10,0.36666666666666664,ok,3953.0
0856,rev_002_5939b95b,11,0.1,ok,3903.5
0856,rev_002_5939b95b,12,0.5,ok,3910.0
0856,rev_002_5939b95b,13,0.7,ok,3977.0
0856,rev_002_5939b95b,14,0.4,ok,3829.5
0862,rev_001_be7a2bcf,0,0.43333333333333335,ok,5727.5
0862,rev_001_be7a2bcf,1,0.95,ok,5807.5
0862,rev_001_be7a2bcf,2,0.7166666666666667,ok,5506.5
0862,rev_001_be7a2bcf,3,0.26666666666666666,ok,5575.5
0862,rev_001_be7a2bcf,4,0.31666666666666665,ok,5436.0
0862,rev_001_be7a2bcf,5,0.7666666666666667,ok,5702.5
0862,rev_001_be7a2bcf,6,0.8333333333333334,ok,5570.0
0862,rev_001_be7a2bcf,7,0.9666666666666667,ok,5934.0
0862,rev_001_be7a2bcf,8,0.8666666666666667,ok,5894.5
0862,rev_001_be7a2bcf,9,0.16666666666666666,ok,5688.0
0862,rev_001_be7a2bcf,10,0.35,ok,5668.5
0862,rev_001_be7a2bcf,11,0.05,ok,5863.0
0862,rev_001_be7a2bcf,12,0.5833333333333334,ok,5855.5
0862,rev_001_be7a2bcf,13,0.6666666666666666,ok,5551.5
0862,rev_001_be7a2bcf,14,0.8833333333333333,ok,5915.5
0862,rev_011_461470a5,0,0.9,ok,5670.5
0862,rev_011_461470a5,1,0.06666666666666667,ok,5771.5
0862,rev_011_461470a5,2,0.9166666666666666,ok,5623.5
0862,rev_011_461470a5,3,0.5,ok,5873.5
0862,rev_011_461470a5,4,0.15,ok,5979.5
0862,rev_011_461470a5,5,0.08333333333333333,ok,5685.5
0862,rev_011_461470a5,6,0.2833333333333333,ok,5862.0
0862,rev_011_461470a5,7,0.38333333333333336,ok,5920.5
0862,rev_011_461470a5,8,0.016666666666666666,ok,5723.5
0862,rev_011_461470a5,9,0.4166666666666667,ok,5906.0
0862,rev_011_461470a5,10,0.4666666666666667,ok,5904.0
0862,rev_011_461470a5,11,0.55,ok,5504.0
0862,rev_011_461470a5,12,0.7333333333333333,ok,5892.0
0862,rev_011_461470a5,13,0.5166666666666667,ok,5504.0
0862,rev_011_461470a5,14,0.3333333333333333,ok,5680.0
0862,rev_012_035256ac,0,0.23333333333333334,ok,5449.0
0862,rev_012_035256ac,1,0.2,ok,5878.0
0862,rev_012_035256ac,2,0.6333333333333333,ok,5847.0
0862,rev_012_035256ac,3,0.13333333333333333,ok,5874.0
0862,rev_012_035256ac,4,0.7833333333333333,ok,5783.5
0862,rev_012_035256ac,5,0.6,ok,5781.0
0862,rev_012_035256ac,6,0.18333333333333332,ok,5705.5
0862,rev_012_035256ac,7,0.75,ok,5465.5
0862,rev_012_035256ac,8,0.0,ok,5644.5
0862,rev_012_035256ac,9,0.5333333333333333,ok,5862.0
0862,rev_012_035256ac,10,0.9833333333333333,ok,5810.0
0862,rev_012_035256ac,11,0.4,ok,5816.5
0862,rev_012_035256ac,12,0.6166666666666667,ok,5970.0
0862,rev_012_035256ac,13,0.8166666666666667,ok,5764.5
0862,rev_012_035256ac,14,0.45,ok,5922.5
0862,rev_013_fa0441a0,0,0.21666666666666667,ok,6757.5
0862,rev_013_fa0441a0,1,0.6833333333333333,ok,6756.0
0862,rev_013_fa0441a0,2,0.9333333333333333,ok,6643.0
0862,rev_013_fa0441a0,3,0.5666666666666667,ok,6654.0
0862,rev_013_fa0441a0,4,0.25,ok,6624.0
0862,rev_013_fa0441a0,5,0.3,ok,6773.0
0862,rev_013_fa0441a0,6,0.8,ok,6643.0
0862,rev_013_fa0441a0,7,0.48333333333333334,ok,6701.0
0862,rev_013_fa0441a0,8,0.65,ok,6513.0
0862,rev_013_fa0441a0,9,0.03333333333333333,ok,6268.0
0862,rev_013_fa0441a0,10,0.1,ok,6617.0
0862,rev_013_fa0441a0,11,0.85,ok,6680.0
0862,rev_013_fa0441a0,12,0.7,ok,6522.0
0862,rev_013_fa0441a0,13,0.11666666666666667,ok,6730.0
0862,rev_013_fa0441a0,14,0.36666666666666664,ok,6741.0
1385,rev_001_c3200d3f,0,0.6133333333333333,ok,4306.0
1385,rev_001_c3200d3f,1,0.7733333333333333,ok,4185.0
1385,rev_001_c3200d3f,2,0.30666666666666664,ok,4292.5
1385,rev_001_c3200d3f,3,0.9733333333333334,ok,4300.0
1385,rev_001_c3200d3f,4,0.8666666666666667,ok,4226.0
1385,rev_001_c3200d3f,5,0.48,ok,4281.0
1385,rev_001_c3200d3f,6,0.49333333333333335,ok,4296.5
1385,rev_001_c3200d3f,7,0.05333333333333334,ok,4240.0
1385,rev_001_c3200d3f,8,0.04,ok,4169.5
1385,rev_001_c3200d3f,9,0.5333333333333333,ok,4227.5
1385,rev_001_c3200d3f,10,0.6,ok,4326.5
1385,rev_001_c3200d3f,11,0.8933333333333333,ok,4363.5
1385,rev_001_c3200d3f,12,0.7466666666666667,ok,4275.0
1385,rev_001_c3200d3f,13,0.9066666666666666,ok,4190.0
1385,rev_001_c3200d3f,14,0.9866666666666667,ok,4239.0
1385,rev_002_58c78aed,0,0.13333333333333333,ok,4598.0
1385,rev_002_58c78aed,1,0.41333333333333333,ok,4719.0
1385,rev_002_58c78aed,2,0.92,ok,4662.5
1385,rev_002_58c78aed,3,0.013333333333333334,ok,4564.0
1385,rev_002_58c78aed,4,0.25333333333333335,ok,4649.0
1385,rev_002_58c78aed,5,0.26666666666666666,ok,4660.0
1385,rev_002_58c78aed,6,0.56,ok,4654.5
1385,rev_002_58c78aed,7,0.44,ok,4562.5
1385,rev_002_58c78aed,8,0.37333333333333335,ok,4741.0
1385,rev_002_58c78aed,9,0.4666666666666667,ok,4582.5
1385,rev_002_58c78aed,10,0.4,ok,4688.0
1385,rev_002_58c78aed,11,0.68,ok,4715.5
1385,rev_002_58c78aed,12,0.5733333333333334,ok,4665.5
1385,rev_002_58c78aed,13,0.9333333333333333,ok,4640.0
1385,rev_002_58c78aed,14,0.2,ok,4695.5
1385,rev_003_986aaa79,0,0.17333333333333334,ok,4558.0
1385,rev_003_986aaa79,1,0.9466666666666667,ok,4448.5
1385,rev_003_986aaa79,2,0.8,ok,4510.5
1385,rev_003_986aaa79,3,0.4266666666666667,ok,4509.5
1385,rev_003_986aaa79,4,0.6933333333333334,ok,4496.5
1385,rev_003_986aaa79,5,0.96,ok,4467.0
1385,rev_003_986aaa79,6,0.02666666666666667,ok,4653.5
1385,rev_003_986aaa79,7,0.64,ok,4610.5
1385,rev_003_986aaa79,8,0.7866666666666666,ok,4551.5
1385,rev_003_986aaa79,9,0.12,ok,4770.5
1385,rev_003_986aaa79,10,0.28,ok,4453.5
1385,rev_003_986aaa79,11,0.72,ok,4504.5
1385,rev_003_986aaa79,12,0.5066666666666667,ok,4509.5
1385,rev_003_986aaa79,13,0.10666666666666667,ok,4481.5
1385,rev_003_986aaa79,14,0.7066666666666667,ok,4546.5
1385,rev_004_b86f512b,0,0.7333333333333333,ok,4497.5
1385,rev_004_b86f512b,1,0.0,ok,4485.0
1385,rev_004_b86f512b,2,0.5466666666666666,ok,4478.5
1385,rev_004_b86f512b,3,0.4533333333333333,ok,4503.0
1385,rev_004_b86f512b,4,0.21333333333333335,ok,4528.5
1385,rev_004_b86f512b,5,0.36,ok,4719.5
1385,rev_004_b86f512b,6,0.29333333333333333,ok,4682.0
1385,rev_004_b86f512b,7,0.22666666666666666,ok,4754.0
1385,rev_004_b86f512b,8,0.5866666666666667,ok,4500.0
1385,rev_004_b86f512b,9,0.88,ok,4577.5
1385,rev_004_b86f512b,10,0.18666666666666668,ok,4685.5
1385,rev_004_b86f512b,11,0.32,ok,4461.0
1385,rev_004_b86f512b,12,0.16,ok,4561.5
1385,rev_004_b86f512b,13,0.38666666666666666,ok,4662.5
1385,rev_004_b86f512b,14,0.06666666666666667,ok,4674.5
1385,rev_005_659ae7ce,0,0.09333333333333334,ok,4748.0
1385,rev_005_659ae7ce,1,0.6666666666666666,ok,4505.0
1385,rev_005_659ae7ce,2,0.52,ok,4772.0
1385,rev_005_659ae7ce,3,0.24,ok,4571.0
1385,rev_005_659ae7ce,4,0.3333333333333333,ok,4519.5
1385,rev_005_659ae7ce,5,0.14666666666666667,ok,4517.5
1385,rev_005_659ae7ce,6,0.3466666666666667,ok,4711.0
1385,rev_005_659ae7ce,7,0.84,ok,4329.0
1385,rev_005_659ae7ce,8,0.8266666666666667,ok,4677.0
1385,rev_005_659ae7ce,9,0.6266666666666667,ok,4595.5
1385,rev_005_659ae7ce,10,0.6533333333333333,ok,4498.0
1385,rev_005_659ae7ce,11,0.08,ok,4575.5
1385,rev_005_659ae7ce,12,0.76,ok,4736.0
1385,rev_005_659ae7ce,13,0.8533333333333334,ok,4776.5
1385,rev_005_659ae7ce,14,0.8133333333333334,ok,4550.5
1746,rev_001_4b266f02,0,0.6133333333333333,ok,3116.0
1746,rev_001_4b266f02,1,0.7733333333333333,ok,3106.5
1746,rev_001_4b266f02,2,0.30666666666666664,ok,3139.5
1746,rev_001_4b266f02,3,0.9733333333333334,ok,3071.0
1746,rev_001_4b266f02,4,0.8666666666666667,ok,3101.5
1746,rev_001_4b266f02,5,0.48,ok,3132.0
1746,rev_001_4b266f02,6,0.49333333333333335,ok,3103.0
1746,rev_001_4b266f02,7,0.05333333333333334,ok,3067.0
1746,rev_001_4b266f02,8,0.04,ok,3058.0
1746,rev_001_4b266f02,9,0.5333333333333333,ok,3094.5
1746,rev_001_4b266f02,10,0.6,ok,3079.0
1746,rev_001_4b266f02,11,0.8933333333333333,ok,3049.0
1746,rev_001_4b266f02,12,0.7466666666666667,ok,3110.5
1746,rev_001_4b266f02,13,0.9066666666666666,ok,3099.0
1746,rev_001_4b266f02,14,0.9866666666666667,ok,3218.0
1746,rev_002_25fe59ad,0,0.13333333333333333,ok,2568.0
1746,rev_002_25fe59ad,1,0.41333333333333333,ok,2595.5
1746,rev_002_25fe59ad,2,0.92,ok,2606.0
1746,rev_002_25fe59ad,3,0.013333333333333334,ok,2598.0
1746,rev_002_25fe59ad,4,0.25333333333333335,ok,2610.5
1746,rev_002_25fe59ad,5,0.26666666666666666,ok,2589.0
1746,rev_002_25fe59ad,6,0.56,ok,2589.5
1746,rev_002_25fe59ad,7,0.44,ok,2575.0
1746,rev_002_25fe59ad,8,0.37333333333333335,ok,2571.0
1746,rev_002_25fe59ad,9,0.4666666666666667,ok,2604.5
1746,rev_002_25fe59ad,10,0.4,ok,2595.0
1746,rev_002_25fe59ad,11,0.68,ok,2623.0
1746,rev_002_25fe59ad,12,0.5733333333333334,ok,2626.0
1746,rev_002_25fe59ad,13,0.9333333333333333,ok,2565.5
1746,rev_002_25fe59ad,14,0.2,ok,2571.5
1746,rev_004_3edaf7e4,0,0.17333333333333334,ok,2890.0
1746,rev_004_3edaf7e4,1,0.9466666666666667,ok,2894.0
1746,rev_004_3edaf7e4,2,0.8,ok,2879.5
1746,rev_004_3edaf7e4,3,0.4266666666666667,ok,2886.0
1746,rev_004_3edaf7e4,4,0.6933333333333334,ok,2906.0
1746,rev_004_3edaf7e4,5,0.96,ok,2888.5
1746,rev_004_3edaf7e4,6,0.02666666666666667,ok,2877.5
1746,rev_004_3edaf7e4,7,0.64,ok,2876.0
1746,rev_004_3edaf7e4,8,0.7866666666666666,ok,2842.0
1746,rev_004_3edaf7e4,9,0.12,ok,2891.0
1746,rev_004_3edaf7e4,10,0.28,ok,2847.0
1746,rev_004_3edaf7e4,11,0.72,ok,2914.0
1746,rev_004_3edaf7e4,12,0.5066666666666667,ok,2876.5
1746,rev_004_3edaf7e4,13,0.10666666666666667,ok,2851.0
1746,rev_004_3edaf7e4,14,0.7066666666666667,ok,2907.0
1746,rev_023_13310e2d,0,0.7333333333333333,ok,3124.5
1746,rev_023_13310e2d,1,0.0,ok,3104.0
1746,rev_023_13310e2d,2,0.5466666666666666,ok,3104.0
1746,rev_023_13310e2d,3,0.4533333333333333,ok,3115.0
1746,rev_023_13310e2d,4,0.21333333333333335,ok,3106.5
1746,rev_023_13310e2d,5,0.36,ok,3091.5
1746,rev_023_13310e2d,6,0.29333333333333333,ok,3097.5
1746,rev_023_13310e2d,7,0.22666666666666666,ok,3110.0
1746,rev_023_13310e2d,8,0.5866666666666667,ok,3079.0
1746,rev_023_13310e2d,9,0.88,ok,3175.0
1746,rev_023_13310e2d,10,0.18666666666666668,ok,3161.0
1746,rev_023_13310e2d,11,0.32,ok,3137.0
1746,rev_023_13310e2d,12,0.16,ok,3125.0
1746,rev_023_13310e2d,13,0.38666666666666666,ok,3166.5
1746,rev_023_13310e2d,14,0.06666666666666667,ok,3106.5
1746,rev_038_bf1b9368,0,0.09333333333333334,ok,3345.5
1746,rev_038_bf1b9368,1,0.6666666666666666,ok,3343.5
1746,rev_038_bf1b9368,2,0.52,ok,3377.0
1746,rev_038_bf1b9368,3,0.24,ok,3318.5
1746,rev_038_bf1b9368,4,0.3333333333333333,ok,3330.0
1746,rev_038_bf1b9368,5,0.14666666666666667,ok,3316.5
1746,rev_038_bf1b9368,6,0.3466666666666667,ok,3410.0
1746,rev_038_bf1b9368,7,0.84,ok,3300.5
1746,rev_038_bf1b9368,8,0.8266666666666667,ok,3436.5
1746,rev_038_bf1b9368,9,0.6266666666666667,ok,3385.5
1746,rev_038_bf1b9368,10,0.6533333333333333,ok,3339.0
1746,rev_038_bf1b9368,11,0.08,ok,3361.0
1746,rev_038_bf1b9368,12,0.76,ok,3349.0
1746,rev_038_bf1b9368,13,0.8533333333333334,ok,3382.5
1746,rev_038_bf1b9368,14,0.8133333333333334,ok,3385.0
2380,rev_001_886b9b59,0,0.6952380952380952,ok,3114.5
2380,rev_001_886b9b59,1,0.05714285714285714,ok,3135.5
2380,rev_001_886b9b59,2,0.5238095238095238,ok,3154.0
2380,rev_001_886b9b59,3,0.9714285714285714,ok,3163.5
2380,rev_001_886b9b59,4,0.8476190476190476,ok,3151.5
2380,rev_001_886b9b59,5,0.4666666666666667,ok,3141.0
2380,rev_001_886b9b59,6,0.5904761904761905,ok,3163.0
2380,rev_001_886b9b59,7,0.4857142857142857,ok,3104.5
2380,rev_001_886b9b59,8,0.23809523809523808,ok,3154.0
2380,rev_001_886b9b59,9,0.02857142857142857,ok,3111.0
2380,rev_001_886b9b59,10,0.11428571428571428,ok,3160.0
2380,rev_001_886b9b59,11,0.8761904761904762,ok,3128.0
2380,rev_001_886b9b59,12,0.4,ok,3164.5
2380,rev_001_886b9b59,13,0.9047619047619048,ok,3171.0
2380,rev_001_886b9b59,14,0.9809523809523809,ok,3138.5
2380,rev_002_d6971e32,0,0.01904761904761905,ok,3201.5
2380,rev_002_d6971e32,1,0.5428571428571428,ok,3148.0
2380,rev_002_d6971e32,2,0.9238095238095239,ok,3218.0
2380,rev_002_d6971e32,3,0.44761904761904764,ok,3170.0
2380,rev_002_d6971e32,4,0.6476190476190476,ok,3177.0
2380,rev_002_d6971e32,5,0.6857142857142857,ok,3157.5
2380,rev_002_d6971e32,6,0.24761904761904763,ok,3158.0
2380,rev_002_d6971e32,7,0.580952380952381,ok,3178.5
2380,rev_002_d6971e32,8,0.41904761904761906,ok,3147.0
2380,rev_002_d6971e32,9,0.47619047619047616,ok,3153.0
2380,rev_002_d6971e32,10,0.7619047619047619,ok,3168.0
2380,rev_002_d6971e32,11,0.21904761904761905,ok,3148.0
2380,rev_002_d6971e32,12,0.819047619047619,ok,3182.5
2380,rev_002_d6971e32,13,0.9333333333333333,ok,3229.5
2380,rev_002_d6971e32,14,0.8095238095238095,ok,3166.0
2380,rev_003_ad140f38,0,0.18095238095238095,ok,3211.5
2380,rev_003_ad140f38,1,0.9428571428571428,ok,3162.0
2380,rev_003_ad140f38,2,0.26666666666666666,ok,3132.5
2380,rev_003_ad140f38,3,0.17142857142857143,ok,3173.5
2380,rev_003_ad140f38,4,0.49523809523809526,ok,3176.5
2380,rev_003_ad140f38,5,0.9523809523809523,ok,3164.5
2380,rev_003_ad140f38,6,0.4095238095238095,ok,3177.5
2380,rev_003_ad140f38,7,0.2857142857142857,ok,3185.0
2380,rev_003_ad140f38,8,0.5523809523809524,ok,3167.5
2380,rev_003_ad140f38,9,0.42857142857142855,ok,3223.5
2380,rev_003_ad140f38,10,0.4380952380952381,ok,3180.5
2380,rev_003_ad140f38,11,0.12380952380952381,ok,3169.5
2380,rev_003_ad140f38,12,0.009523809523809525,ok,3197.0
2380,rev_003_ad140f38,13,0.6666666666666666,ok,3178.5
2380,rev_003_ad140f38,14,0.29523809523809524,ok,3192.0
2380,rev_004_411d2fe6,0,0.34285714285714286,ok,3160.0
2380,rev_004_411d2fe6,1,0.5142857142857142,ok,3220.0
2380,rev_004_411d2fe6,2,0.3619047619047619,ok,3182.0
2380,rev_004_411d2fe6,3,0.6,ok,3157.5
2380,rev_004_411d2fe6,4,0.3523809523809524,ok,3167.5
2380,rev_004_411d2fe6,5,0.3238095238095238,ok,3169.5
2380,rev_004_411d2fe6,6,0.5333333333333333,ok,3224.0
2380,rev_004_411d2fe6,7,0.1523809523809524,ok,3178.0
2380,rev_004_411d2fe6,8,0.7428571428571429,ok,3212.0
2380,rev_004_411d2fe6,9,0.8571428571428571,ok,3163.5
2380,rev_004_411d2fe6,10,0.38095238095238093,ok,3176.5
2380,rev_004_411d2fe6,11,0.1619047619047619,ok,3183.0
2380,rev_004_411d2fe6,12,0.7238095238095238,ok,3156.5
2380,rev_004_411d2fe6,13,0.047619047619047616,ok,3147.5
2380,rev_004_411d2fe6,14,0.22857142857142856,ok,3175.5
2380,rev_005_0d57677a,0,0.2,ok,3161.5
2380,rev_005_0d57677a,1,0.5619047619047619,ok,3224.5
2380,rev_005_0d57677a,2,0.3333333333333333,ok,3191.0
2380,rev_005_0d57677a,3,0.2571428571428571,ok,3198.0
2380,rev_005_0d57677a,4,0.8,ok,3217.5
2380,rev_005_0d57677a,5,0.0,ok,3193.5
2380,rev_005_0d57677a,6,0.14285714285714285,ok,3194.5
2380,rev_005_0d57677a,7,0.13333333333333333,ok,3175.0
2380,rev_005_0d57677a,8,0.19047619047619047,ok,3184.0
2380,rev_005_0d57677a,9,0.8857142857142857,ok,3164.0
2380,rev_005_0d57677a,10,0.6285714285714286,ok,3236.0
2380,rev_005_0d57677a,11,0.7714285714285715,ok,3240.5
2380,rev_005_0d57677a,12,0.20952380952380953,ok,3196.5
2380,rev_005_0d57677a,13,0.06666666666666667,ok,3169.5
2380,rev_005_0d57677a,14,0.6571428571428571,ok,3186.5
2380,rev_006_464290cc,0,0.8666666666666667,ok,3175.5
2380,rev_006_464290cc,1,0.0761904761904762,ok,3172.5
2380,rev_006_464290cc,2,0.7904761904761904,ok,3140.0
2380,rev_006_464290cc,3,0.3047619047619048,ok,3104.5
2380,rev_006_464290cc,4,0.45714285714285713,ok,3208.5
2380,rev_006_464290cc,5,0.09523809523809523,ok,3130.0
2380,rev_006_464290cc,6,0.9904761904761905,ok,3203.5
2380,rev_006_464290cc,7,0.08571428571428572,ok,3159.0
2380,rev_006_464290cc,8,0.10476190476190476,ok,3156.5
2380,rev_006_464290cc,9,0.2761904761904762,ok,3157.5
2380,rev_006_464290cc,10,0.5047619047619047,ok,3169.5
2380,rev_006_464290cc,11,0.8952380952380953,ok,3162.5
2380,rev_006_464290cc,12,0.6095238095238096,ok,3169.0
2380,rev_006_464290cc,13,0.780952380952381,ok,3164.5
2380,rev_006_464290cc,14,0.3904761904761905,ok,3140.5
2380,rev_007_2652487c,0,0.6761904761904762,ok,3117.5
2380,rev_007_2652487c,1,0.7142857142857143,ok,3129.0
2380,rev_007_2652487c,2,0.8285714285714286,ok,3142.0
2380,rev_007_2652487c,3,0.7523809523809524,ok,3174.5
2380,rev_007_2652487c,4,0.9619047619047619,ok,3135.0
2380,rev_007_2652487c,5,0.6190476190476191,ok,3178.5
2380,rev_007_2652487c,6,0.638095238095238,ok,3169.5
2380,rev_007_2652487c,7,0.3142857142857143,ok,3145.5
2380,rev_007_2652487c,8,0.7333333333333333,ok,3180.5
2380,rev_007_2652487c,9,0.0380952380952381,ok,3180.0
2380,rev_007_2652487c,10,0.7047619047619048,ok,3145.0
2380,rev_007_2652487c,11,0.9142857142857143,ok,3147.5
2380,rev_007_2652487c,12,0.8380952380952381,ok,3145.0
2380,rev_007_2652487c,13,0.37142857142857144,ok,3182.5
2380,rev_007_2652487c,14,0.5714285714285714,ok,3154.5
2382,rev_001_ad140f38,0,0.2761904761904762,ok,1900.5
2382,rev_001_ad140f38,1,0.8285714285714286,ok,1885.5
2382,rev_001_ad140f38,2,0.12380952380952381,ok,1091.5
2382,rev_001_ad140f38,3,0.047619047619047616,ok,1090.0
2382,rev_001_ad140f38,4,0.5285714285714286,ok,1867.5
2382,rev_001_ad140f38,5,0.0761904761904762,ok,1107.0
2382,rev_001_ad140f38,6,0.9857142857142858,ok,1881.0
2382,rev_001_ad140f38,7,0.9142857142857143,ok,1889.0
2382,rev_001_ad140f38,8,0.919047619047619,ok,1847.0
2382,rev_001_ad140f38,9,0.2,ok,1092.0
2382,rev_001_ad140f38,10,0.2857142857142857,ok,1865.5
2382,rev_001_ad140f38,11,0.7523809523809524,ok,1852.5
2382,rev_001_ad140f38,12,0.20476190476190476,ok,1127.0
2382,rev_001_ad140f38,13,0.06190476190476191,ok,1110.5
2382,rev_001_ad140f38,14,0.36666666666666664,ok,1886.5
2382,rev_002_411d2fe6,0,0.10952380952380952,ok,1093.0
2382,rev_002_411d2fe6,1,0.2571428571428571,ok,1087.5
2382,rev_002_411d2fe6,2,0.7,ok,1870.5
2382,rev_002_411d2fe6,3,0.6238095238095238,ok,1885.0
2382,rev_002_411d2fe6,4,0.3619047619047619,ok,1841.0
2382,rev_002_411d2fe6,5,0.7285714285714285,ok,1862.5
2382,rev_002_411d2fe6,6,0.08095238095238096,ok,1082.5
2382,rev_002_411d2fe6,7,0.9333333333333333,ok,1892.0
2382,rev_002_411d2fe6,8,0.9095238095238095,ok,1856.5
2382,rev_002_411d2fe6,9,0.7761904761904762,ok,1896.5
2382,rev_002_411d2fe6,10,0.6714285714285714,ok,1895.5
2382,rev_002_411d2fe6,11,0.9523809523809523,ok,1881.0
2382,rev_002_411d2fe6,12,0.5,ok,1876.5
2382,rev_002_411d2fe6,13,0.9904761904761905,ok,1879.5
2382,rev_002_411d2fe6,14,0.5380952380952381,ok,1866.5
2382,rev_003_fa7d824f,0,0.13333333333333333,ok,1221.5
2382,rev_003_fa7d824f,1,0.7380952380952381,ok,2052.0
2382,rev_003_fa7d824f,2,0.3238095238095238,ok,2073.0
2382,rev_003_fa7d824f,3,0.44761904761904764,ok,2027.5
2382,rev_003_fa7d824f,4,0.5952380952380952,ok,2066.5
2382,rev_003_fa7d824f,5,0.9619047619047619,ok,2038.5
2382,rev_003_fa7d824f,6,0.09047619047619047,ok,1234.5
2382,rev_003_fa7d824f,7,0.0,ok,1226.5
2382,rev_003_fa7d824f,8,0.20952380952380953,ok,1221.0
2382,rev_003_fa7d824f,9,0.8047619047619048,ok,2031.0
2382,rev_003_fa7d824f,10,0.8238095238095238,ok,2073.5
2382,rev_003_fa7d824f,11,0.6476190476190476,ok,2026.0
2382,rev_003_fa7d824f,12,0.05714285714285714,ok,1225.0
2382,rev_003_fa7d824f,13,0.6190476190476191,ok,2055.0
2382,rev_003_fa7d824f,14,0.14285714285714285,ok,1222.0
2382,rev_004_0d57677a,0,0.11428571428571428,ok,1218.0
2382,rev_004_0d57677a,1,0.4,ok,2021.0
2382,rev_004_0d57677a,2,0.14761904761904762,ok,1232.5
2382,rev_004_0d57677a,3,0.6,ok,2048.5
2382,rev_004_0d57677a,4,0.7047619047619048,ok,2023.0
2382,rev_004_0d57677a,5,0.8761904761904762,ok,2013.5
2382,rev_004_0d57677a,6,0.5142857142857142,ok,2105.0
2382,rev_004_0d57677a,7,0.21904761904761905,ok,1214.0
2382,rev_004_0d57677a,8,0.6333333333333333,ok,2046.5
2382,rev_004_0d57677a,9,0.4142857142857143,ok,2004.5
2382,rev_004_0d57677a,10,0.9047619047619048,ok,2063.0
2382,rev_004_0d57677a,11,0.8476190476190476,ok,2017.0
2382,rev_004_0d57677a,12,0.9666666666666667,ok,2071.5
2382,rev_004_0d57677a,13,0.6904761904761905,ok,2065.5
2382,rev_004_0d57677a,14,0.9,ok,2056.0
2382,rev_005_fbdae7ec,0,0.19047619047619047,ok,1225.5
2382,rev_005_fbdae7ec,1,0.06666666666666667,ok,1234.0
2382,rev_005_fbdae7ec,2,0.9714285714285714,ok,2049.0
2382,rev_005_fbdae7ec,3,0.4714285714285714,ok,2021.5
2382,rev_005_fbdae7ec,4,0.02857142857142857,ok,1232.5
2382,rev_005_fbdae7ec,5,0.38571428571428573,ok,2109.0
2382,rev_005_fbdae7ec,6,0.3,ok,2040.0
2382,rev_005_fbdae7ec,7,0.7571428571428571,ok,2073.0
2382,rev_005_fbdae7ec,8,0.6285714285714286,ok,2076.5
2382,rev_005_fbdae7ec,9,0.1619047619047619,ok,1247.5
2382,rev_005_fbdae7ec,10,0.9761904761904762,ok,2047.5
2382,rev_005_fbdae7ec,11,0.8333333333333334,ok,2043.5
2382,rev_005_fbdae7ec,12,0.49523809523809526,ok,2035.5
2382,rev_005_fbdae7ec,13,0.07142857142857142,ok,1213.5
2382,rev_005_fbdae7ec,14,0.6857142857142857,ok,2072.5
2382,rev_006_464290cc,0,0.719047619047619,ok,2087.5
2382,rev_006_464290cc,1,0.22380952380952382,ok,1229.0
2382,rev_006_464290cc,2,0.3142857142857143,ok,2028.0
2382,rev_006_464290cc,3,0.23333333333333334,ok,1228.0
2382,rev_006_464290cc,4,0.24285714285714285,ok,1228.5
2382,rev_006_464290cc,5,0.04285714285714286,ok,1222.5
2382,rev_006_464290cc,6,0.5857142857142857,ok,2054.5
2382,rev_006_464290cc,7,0.46190476190476193,ok,2043.0
2382,rev_006_464290cc,8,0.47619047619047616,ok,2031.0
2382,rev_006_464290cc,9,0.2714285714285714,ok,1237.0
2382,rev_006_464290cc,10,0.014285714285714285,ok,1212.0
2382,rev_006_464290cc,11,0.7952380952380952,ok,2044.0
2382,rev_006_464290cc,12,0.8142857142857143,ok,2046.0
2382,rev_006_464290cc,13,0.7666666666666667,ok,2040.0
2382,rev_006_464290cc,14,0.18095238095238095,ok,1229.0
2382,rev_007_e3ba49d2,0,0.638095238095238,ok,2053.0
2382,rev_007_e3ba49d2,1,0.7714285714285715,ok,2037.5
2382,rev_007_e3ba49d2,2,0.7142857142857143,ok,2042.0
2382,rev_007_e3ba49d2,3,0.6523809523809524,ok,2040.0
2382,rev_007_e3ba49d2,4,0.6428571428571429,ok,2044.5
2382,rev_007_e3ba49d2,5,0.29523809523809524,ok,2048.5
2382,rev_007_e3ba49d2,6,0.7333333333333333,ok,2051.0
2382,rev_007_e3ba49d2,7,0.780952380952381,ok,2033.5
2382,rev_007_e3ba49d2,8,0.5523809523809524,ok,2064.5
2382,rev_007_e3ba49d2,9,0.5476190476190477,ok,2032.5
2382,rev_007_e3ba49d2,10,0.009523809523809525,ok,1218.5
2382,rev_007_e3ba49d2,11,0.2904761904761905,ok,2034.0
2382,rev_007_e3ba49d2,12,0.22857142857142856,ok,1207.5
2382,rev_007_e3ba49d2,13,0.5238095238095238,ok,2038.0
2382,rev_007_e3ba49d2,14,0.05238095238095238,ok,1244.0
2382,rev_008_3d913995,0,0.5333333333333333,ok,2013.0
2382,rev_008_3d913995,1,0.3476190476190476,ok,2036.0
2382,rev_008_3d913995,2,0.8523809523809524,ok,2029.5
2382,rev_008_3d913995,3,0.9238095238095239,ok,2012.5
2382,rev_008_3d913995,4,0.4857142857142857,ok,2033.0
2382,rev_008_3d913995,5,0.24761904761904763,ok,1217.0
2382,rev_008_3d913995,6,0.09523809523809523,ok,1210.0
2382,rev_008_3d913995,7,0.48095238095238096,ok,2057.0
2382,rev_008_3d913995,8,0.28095238095238095,ok,2032.5
2382,rev_008_3d913995,9,0.8428571428571429,ok,2025.0
2382,rev_008_3d913995,10,0.38095238095238093,ok,2048.0
2382,rev_008_3d913995,11,0.6571428571428571,ok,2040.5
2382,rev_008_3d913995,12,0.7476190476190476,ok,2067.0
2382,rev_008_3d913995,13,0.6047619047619047,ok,2060.5
2382,rev_008_3d913995,14,0.3523809523809524,ok,2049.0
2382,rev_009_a9a3f4b7,0,0.3952380952380952,ok,2031.0
2382,rev_009_a9a3f4b7,1,0.43333333333333335,ok,2049.0
2382,rev_009_a9a3f4b7,2,0.4095238095238095,ok,2069.5
2382,rev_009_a9a3f4b7,3,0.18571428571428572,ok,1205.0
2382,rev_009_a9a3f4b7,4,0.1523809523809524,ok,1223.0
2382,rev_009_a9a3f4b7,5,0.5095238095238095,ok,2102.5
2382,rev_009_a9a3f4b7,6,0.3380952380952381,ok,2001.5
2382,rev_009_a9a3f4b7,7,0.5904761904761905,ok,2066.5
2382,rev_009_a9a3f4b7,8,0.5619047619047619,ok,2022.0
2382,rev_009_a9a3f4b7,9,0.8952380952380953,ok,2032.5
2382,rev_009_a9a3f4b7,10,0.3047619047619048,ok,2016.0
2382,rev_009_a9a3f4b7,11,0.4523809523809524,ok,2030.0
2382,rev_009_a9a3f4b7,12,0.42857142857142855,ok,2026.5
2382,rev_009_a9a3f4b7,13,0.23809523809523808,ok,1220.5
2382,rev_009_a9a3f4b7,14,0.2523809523809524,ok,1223.0
2382,rev_012_dbe89511,0,0.4238095238095238,ok,2023.0
2382,rev_012_dbe89511,1,0.6095238095238096,ok,2054.5
2382,rev_012_dbe89511,2,0.7428571428571429,ok,2038.0
2382,rev_012_dbe89511,3,0.21428571428571427,ok,1248.0
2382,rev_012_dbe89511,4,0.9380952380952381,ok,2045.0
2382,rev_012_dbe89511,5,0.1,ok,1224.0
2382,rev_012_dbe89511,6,0.7238095238095238,ok,2051.0
2382,rev_012_dbe89511,7,0.3333333333333333,ok,2016.0
2382,rev_012_dbe89511,8,0.8809523809523809,ok,2034.5
2382,rev_012_dbe89511,9,0.41904761904761906,ok,2098.0
2382,rev_012_dbe89511,10,0.45714285714285713,ok,2036.0
2382,rev_012_dbe89511,11,0.3761904761904762,ok,2050.0
2382,rev_012_dbe89511,12,0.7095238095238096,ok,2037.0
2382,rev_012_dbe89511,13,0.34285714285714286,ok,2036.5
2382,rev_012_dbe89511,14,0.44285714285714284,ok,2016.0
2382,rev_015_054b5fbc,0,0.8380952380952381,ok,2070.5
2382,rev_015_054b5fbc,1,0.9285714285714286,ok,2079.5
2382,rev_015_054b5fbc,2,0.10476190476190476,ok,1225.0
2382,rev_015_054b5fbc,3,0.680952380952381,ok,2039.5
2382,rev_015_054b5fbc,4,0.8904761904761904,ok,2070.5
2382,rev_015_054b5fbc,5,0.4380952380952381,ok,2038.0
2382,rev_015_054b5fbc,6,0.3904761904761905,ok,2062.0
2382,rev_015_054b5fbc,7,0.30952380952380953,ok,2103.5
2382,rev_015_054b5fbc,8,0.6952380952380952,ok,2081.0
2382,rev_015_054b5fbc,9,0.32857142857142857,ok,2054.5
2382,rev_015_054b5fbc,10,0.1761904761904762,ok,1231.0
2382,rev_015_054b5fbc,11,0.580952380952381,ok,2084.5
2382,rev_015_054b5fbc,12,0.49047619047619045,ok,2045.5
2382,rev_015_054b5fbc,13,0.9952380952380953,ok,2056.5
2382,rev_015_054b5fbc,14,0.6666666666666666,ok,2106.5
2382,rev_016_42cdec2b,0,0.19523809523809524,ok,1227.0
2382,rev_016_42cdec2b,1,0.8666666666666667,ok,2059.5
2382,rev_016_42cdec2b,2,0.023809523809523808,ok,1248.0
2382,rev_016_42cdec2b,3,0.0380952380952381,ok,1229.0
2382,rev_016_42cdec2b,4,0.1380952380952381,ok,1236.5
2382,rev_016_42cdec2b,5,0.6619047619047619,ok,2049.0
2382,rev_016_42cdec2b,6,0.5666666666666667,ok,2093.0
2382,rev_016_42cdec2b,7,0.40476190476190477,ok,2061.0
2382,rev_016_42cdec2b,8,0.9476190476190476,ok,2061.0
2382,rev_016_42cdec2b,9,0.319047619047619,ok,2116.5
2382,rev_016_42cdec2b,10,0.8095238095238095,ok,2083.0
2382,rev_016_42cdec2b,11,0.16666666666666666,ok,1226.0
2382,rev_016_42cdec2b,12,0.15714285714285714,ok,1241.0
2382,rev_016_42cdec2b,13,0.26666666666666666,ok,1238.0
2382,rev_016_42cdec2b,14,0.861904761904762,ok,2051.0
2382,rev_019_24445e6f,0,0.5761904761904761,ok,3256.5
2382,rev_019_24445e6f,1,0.5571428571428572,ok,3236.5
2382,rev_019_24445e6f,2,0.11904761904761904,ok,1984.0
2382,rev_019_24445e6f,3,0.8714285714285714,ok,3298.0
2382,rev_019_24445e6f,4,0.4666666666666667,ok,3249.5
2382,rev_019_24445e6f,5,0.35714285714285715,ok,3240.5
2382,rev_019_24445e6f,6,0.37142857142857144,ok,3264.5
2382,rev_019_24445e6f,7,0.7619047619047619,ok,3216.0
2382,rev_019_24445e6f,8,0.9571428571428572,ok,3243.5
2382,rev_019_24445e6f,9,0.9809523809523809,ok,3261.0
2382,rev_019_24445e6f,10,0.8,ok,3236.5
2382,rev_019_24445e6f,11,0.7857142857142857,ok,3263.0
2382,rev_019_24445e6f,12,0.5428571428571428,ok,3309.5
2382,rev_019_24445e6f,13,0.5047619047619047,ok,3204.0
2382,rev_019_24445e6f,14,0.819047619047619,ok,3275.5
2382,rev_020_a1a08e5c,0,0.17142857142857143,ok,1963.5
2382,rev_020_a1a08e5c,1,0.01904761904761905,ok,1957.0
2382,rev_020_a1a08e5c,2,0.8571428571428571,ok,3325.0
2382,rev_020_a1a08e5c,3,0.6761904761904762,ok,3251.0
2382,rev_020_a1a08e5c,4,0.5190476190476191,ok,3242.5
2382,rev_020_a1a08e5c,5,0.7904761904761904,ok,3296.5
2382,rev_020_a1a08e5c,6,0.12857142857142856,ok,1955.0
2382,rev_020_a1a08e5c,7,0.03333333333333333,ok,1966.5
2382,rev_020_a1a08e5c,8,0.2619047619047619,ok,1966.0
2382,rev_020_a1a08e5c,9,0.6142857142857143,ok,3324.5
2382,rev_020_a1a08e5c,10,0.004761904761904762,ok,1975.5
2382,rev_020_a1a08e5c,11,0.9428571428571428,ok,3278.0
2382,rev_020_a1a08e5c,12,0.8857142857142857,ok,3323.5
2382,rev_020_a1a08e5c,13,0.5714285714285714,ok,3314.5
2382,rev_020_a1a08e5c,14,0.08571428571428572,ok,1978.0
2408,rev_001_99f52b21,0,0.7,ok,3857.0
2408,rev_001_99f52b21,1,0.20833333333333334,ok,3836.5
2408,rev_001_99f52b21,2,0.48333333333333334,ok,3709.5
2408,rev_001_99f52b21,3,0.975,ok,3742.5
2408,rev_001_99f52b21,4,0.8583333333333333,ok,3778.5
2408,rev_001_99f52b21,5,0.575,ok,3778.0
2408,rev_001_99f52b21,6,0.425,ok,3724.5
2408,rev_001_99f52b21,7,0.2,ok,3841.0
2408,rev_001_99f52b21,8,0.16666666666666666,ok,3781.5
2408,rev_001_99f52b21,9,0.0,ok,3681.0
2408,rev_001_99f52b21,10,0.5416666666666666,ok,3727.0
2408,rev_001_99f52b21,11,0.8833333333333333,ok,3774.0
2408,rev_001_99f52b21,12,0.6083333333333333,ok,3819.0
2408,rev_001_99f52b21,13,0.9166666666666666,ok,3776.5
2408,rev_001_99f52b21,14,0.9833333333333333,ok,3818.5
2408,rev_003_0098c42b,0,0.5583333333333333,ok,3733.5
2408,rev_003_0098c42b,1,0.11666666666666667,ok,3816.5
2408,rev_003_0098c42b,2,0.9333333333333333,ok,3703.0
2408,rev_003_0098c42b,3,0.45,ok,3762.0
2408,rev_003_0098c42b,4,0.6583333333333333,ok,3724.0
2408,rev_003_0098c42b,5,0.6916666666666667,ok,3742.5
2408,rev_003_0098c42b,6,0.25,ok,3765.0
2408,rev_003_0098c42b,7,0.35833333333333334,ok,3744.0
2408,rev_003_0098c42b,8,0.38333333333333336,ok,3831.5
2408,rev_003_0098c42b,9,0.4166666666666667,ok,3748.0
2408,rev_003_0098c42b,10,0.7833333333333333,ok,3753.5
2408,rev_003_0098c42b,11,0.23333333333333334,ok,3755.5
2408,rev_003_0098c42b,12,0.8333333333333334,ok,3757.0
2408,rev_003_0098c42b,13,0.9416666666666667,ok,3781.0
2408,rev_003_0098c42b,14,0.825,ok,3726.5
2408,rev_005_3edb0473,0,0.041666666666666664,ok,3825.5
2408,rev_005_3edb0473,1,0.95,ok,3704.0
2408,rev_005_3edb0473,2,0.10833333333333334,ok,3740.0
2408,rev_005_3edb0473,3,0.5833333333333334,ok,3783.0
2408,rev_005_3edb0473,4,0.30833333333333335,ok,3783.0
2408,rev_005_3edb0473,5,0.9583333333333334,ok,3714.0
2408,rev_005_3edb0473,6,0.5166666666666667,ok,3746.5
2408,rev_005_3edb0473,7,0.5333333333333333,ok,3771.0
2408,rev_005_3edb0473,8,0.325,ok,3817.5
2408,rev_005_3edb0473,9,0.2916666666666667,ok,3807.0
2408,rev_005_3edb0473,10,0.39166666666666666,ok,3763.5
2408,rev_005_3edb0473,11,0.26666666666666666,ok,3742.0
2408,rev_005_3edb0473,12,0.475,ok,3728.0
2408,rev_005_3edb0473,13,0.675,ok,3786.5
2408,rev_005_3edb0473,14,0.5916666666666667,ok,3710.0
2408,rev_006_8494e314,0,0.6,ok,3738.5
2408,rev_006_8494e314,1,0.525,ok,3774.0
2408,rev_006_8494e314,2,0.08333333333333333,ok,3775.5
2408,rev_006_8494e314,3,0.6166666666666667,ok,3790.5
2408,rev_006_8494e314,4,0.4583333333333333,ok,3814.5
2408,rev_006_8494e314,5,0.275,ok,3712.0
2408,rev_006_8494e314,6,0.15,ok,3806.5
2408,rev_006_8494e314,7,0.25833333333333336,ok,3687.0
2408,rev_006_8494e314,8,0.7416666666666667,ok,3715.5
2408,rev_006_8494e314,9,0.8666666666666667,ok,3738.0
2408,rev_006_8494e314,10,0.3416666666666667,ok,3727.5
2408,rev_006_8494e314,11,0.43333333333333335,ok,3773.5
2408,rev_006_8494e314,12,0.725,ok,3706.0
2408,rev_006_8494e314,13,0.5666666666666667,ok,3772.5
2408,rev_006_8494e314,14,0.3333333333333333,ok,3766.5
2408,rev_007_bca7d9a2,0,0.31666666666666665,ok,3735.0
2408,rev_007_bca7d9a2,1,0.175,ok,3675.0
2408,rev_007_bca7d9a2,2,0.125,ok,3760.5
2408,rev_007_bca7d9a2,3,0.36666666666666664,ok,3783.5
2408,rev_007_bca7d9a2,4,0.8166666666666667,ok,3677.0
2408,rev_007_bca7d9a2,5,0.375,ok,3772.0
2408,rev_007_bca7d9a2,6,0.2833333333333333,ok,3800.5
2408,rev_007_bca7d9a2,7,0.3,ok,3815.0
2408,rev_007_bca7d9a2,8,0.15833333333333333,ok,3890.0
2408,rev_007_bca7d9a2,9,0.8916666666666667,ok,3782.5
2408,rev_007_bca7d9a2,10,0.225,ok,3808.0
2408,rev_007_bca7d9a2,11,0.7916666666666666,ok,3740.0
2408,rev_007_bca7d9a2,12,0.5,ok,3808.0
2408,rev_007_bca7d9a2,13,0.5083333333333333,ok,3722.0
2408,rev_007_bca7d9a2,14,0.55,ok,3692.0
2408,rev_019_672ed006,0,0.875,ok,3762.5
2408,rev_019_672ed006,1,0.35,ok,3856.0
2408,rev_019_672ed006,2,0.8083333333333333,ok,3814.0
2408,rev_019_672ed006,3,0.21666666666666667,ok,3806.5
2408,rev_019_672ed006,4,0.09166666666666666,ok,3772.5
2408,rev_019_672ed006,5,0.24166666666666667,ok,3813.5
2408,rev_019_672ed006,6,0.9916666666666667,ok,3785.5
2408,rev_019_672ed006,7,0.13333333333333333,ok,3863.5
2408,rev_019_672ed006,8,0.7666666666666667,ok,3778.5
2408,rev_019_672ed006,9,0.008333333333333333,ok,3651.5
2408,rev_019_672ed006,10,0.6666666666666666,ok,3799.5
2408,rev_019_672ed006,11,0.9083333333333333,ok,3781.0
2408,rev_019_672ed006,12,0.058333333333333334,ok,3787.5
2408,rev_019_672ed006,13,0.1,ok,3768.0
2408,rev_019_672ed006,14,0.7583333333333333,ok,3733.0
2408,rev_020_d458d665,0,0.44166666666666665,ok,3727.5
2408,rev_020_d458d665,1,0.775,ok,3793.5
2408,rev_020_d458d665,2,0.03333333333333333,ok,3772.0
2408,rev_020_d458d665,3,0.05,ok,3668.5
2408,rev_020_d458d665,4,0.9666666666666667,ok,3773.0
2408,rev_020_d458d665,5,0.016666666666666666,ok,3674.0
2408,rev_020_d458d665,6,0.06666666666666667,ok,3767.0
2408,rev_020_d458d665,7,0.14166666666666666,ok,3799.0
2408,rev_020_d458d665,8,0.18333333333333332,ok,3802.5
2408,rev_020_d458d665,9,0.4,ok,3729.0
2408,rev_020_d458d665,10,0.65,ok,3719.0
2408,rev_020_d458d665,11,0.625,ok,3665.5
2408,rev_020_d458d665,12,0.8,ok,3726.5
2408,rev_020_d458d665,13,0.49166666666666664,ok,3785.5
2408,rev_020_d458d665,14,0.6833333333333333,ok,3753.5
2408,rev_026_b2b3b9db,0,0.7166666666666667,ok,3930.5
2408,rev_026_b2b3b9db,1,0.8416666666666667,ok,3795.5
2408,rev_026_b2b3b9db,2,0.75,ok,3817.5
2408,rev_026_b2b3b9db,3,0.19166666666666668,ok,3826.5
2408,rev_026_b2b3b9db,4,0.075,ok,3824.5
2408,rev_026_b2b3b9db,5,0.6333333333333333,ok,3799.5
2408,rev_026_b2b3b9db,6,0.9,ok,3861.5
2408,rev_026_b2b3b9db,7,0.4083333333333333,ok,3834.0
2408,rev_026_b2b3b9db,8,0.7333333333333333,ok,3808.5
2408,rev_026_b2b3b9db,9,0.025,ok,3763.5
2408,rev_026_b2b3b9db,10,0.7083333333333334,ok,3872.5
2408,rev_026_b2b3b9db,11,0.925,ok,3840.5
2408,rev_026_b2b3b9db,12,0.85,ok,3831.5
2408,rev_026_b2b3b9db,13,0.4666666666666667,ok,3874.5
2408,rev_026_b2b3b9db,14,0.6416666666666667,ok,3843.5
2430,rev_001_52709f96,0,0.43333333333333335,ok,5101.0
2430,rev_001_52709f96,1,0.95,ok,5759.5
2430,rev_001_52709f96,2,0.7166666666666667,ok,5664.0
2430,rev_001_52709f96,3,0.26666666666666666,ok,5634.0
2430,rev_001_52709f96,4,0.31666666666666665,ok,5095.0
2430,rev_001_52709f96,5,0.7666666666666667,ok,5437.5
2430,rev_001_52709f96,6,0.8333333333333334,ok,5381.5
2430,rev_001_52709f96,7,0.9666666666666667,ok,4801.5
2430,rev_001_52709f96,8,0.8666666666666667,ok,5298.0
2430,rev_001_52709f96,9,0.16666666666666666,ok,5466.0
2430,rev_001_52709f96,10,0.35,ok,5167.5
2430,rev_001_52709f96,11,0.05,ok,5572.5
2430,rev_001_52709f96,12,0.5833333333333334,ok,5239.0
2430,rev_001_52709f96,13,0.6666666666666666,ok,5267.5
2430,rev_001_52709f96,14,0.8833333333333333,ok,5249.5
2430,rev_002_6d2c9fd0,0,0.9,ok,4984.0
2430,rev_002_6d2c9fd0,1,0.06666666666666667,ok,5611.0
2430,rev_002_6d2c9fd0,2,0.9166666666666666,ok,5031.0
2430,rev_002_6d2c9fd0,3,0.5,ok,5098.0
2430,rev_002_6d2c9fd0,4,0.15,ok,5443.5
2430,rev_002_6d2c9fd0,5,0.08333333333333333,ok,5268.0
2430,rev_002_6d2c9fd0,6,0.2833333333333333,ok,5571.0
2430,rev_002_6d2c9fd0,7,0.38333333333333336,ok,5637.0
2430,rev_002_6d2c9fd0,8,0.016666666666666666,ok,5601.5
2430,rev_002_6d2c9fd0,9,0.4166666666666667,ok,5545.5
2430,rev_002_6d2c9fd0,10,0.4666666666666667,ok,5390.5
2430,rev_002_6d2c9fd0,11,0.55,ok,5246.5
2430,rev_002_6d2c9fd0,12,0.7333333333333333,ok,4481.5
2430,rev_002_6d2c9fd0,13,0.5166666666666667,ok,5082.5
2430,rev_002_6d2c9fd0,14,0.3333333333333333,ok,5230.5
2430,rev_003_ce6df3c7,0,0.23333333333333334,ok,5272.0
2430,rev_003_ce6df3c7,1,0.2,ok,5153.0
2430,rev_003_ce6df3c7,2,0.6333333333333333,ok,5265.5
2430,rev_003_ce6df3c7,3,0.13333333333333333,ok,5602.0
2430,rev_003_ce6df3c7,4,0.7833333333333333,ok,5629.5
2430,rev_003_ce6df3c7,5,0.6,ok,5703.5
2430,rev_003_ce6df3c7,6,0.18333333333333332,ok,5366.0
2430,rev_003_ce6df3c7,7,0.75,ok,5556.5
2430,rev_003_ce6df3c7,8,0.0,ok,4978.0
2430,rev_003_ce6df3c7,9,0.5333333333333333,ok,5460.0
2430,rev_003_ce6df3c7,10,0.9833333333333333,ok,5051.5
2430,rev_003_ce6df3c7,11,0.4,ok,5757.5
2430,rev_003_ce6df3c7,12,0.6166666666666667,ok,5366.0
2430,rev_003_ce6df3c7,13,0.8166666666666667,ok,4828.0
2430,rev_003_ce6df3c7,14,0.45,ok,5142.5
2430,rev_004_de4c350c,0,0.21666666666666667,ok,4935.5
2430,rev_004_de4c350c,1,0.6833333333333333,ok,5152.5
2430,rev_004_de4c350c,2,0.9333333333333333,ok,5457.5
2430,rev_004_de4c350c,3,0.5666666666666667,ok,5096.5
2430,rev_004_de4c350c,4,0.25,ok,5515.5
2430,rev_004_de4c350c,5,0.3,ok,5222.5
2430,rev_004_de4c350c,6,0.8,ok,5315.0
2430,rev_004_de4c350c,7,0.48333333333333334,ok,5047.0
2430,rev_004_de4c350c,8,0.65,ok,5371.0
2430,rev_004_de4c350c,9,0.03333333333333333,ok,5540.5
2430,rev_004_de4c350c,10,0.1,ok,4744.0
2430,rev_004_de4c350c,11,0.85,ok,5176.0
2430,rev_004_de4c350c,12,0.7,ok,5424.5
2430,rev_004_de4c350c,13,0.11666666666666667,ok,5417.0
2430,rev_004_de4c350c,14,0.36666666666666664,ok,5074.5
2446,rev_002_704cf1b0,0,0.9,ok,3838.0
2446,rev_002_704cf1b0,1,0.5333333333333333,ok,3586.5
2446,rev_002_704cf1b0,2,0.6333333333333333,ok,3500.5
2446,rev_002_704cf1b0,3,0.9333333333333333,ok,3378.5
2446,rev_002_704cf1b0,4,0.7333333333333333,ok,3329.0
2446,rev_002_704cf1b0,5,0.2,ok,3305.5
2446,rev_002_704cf1b0,6,0.16666666666666666,ok,3590.0
2446,rev_002_704cf1b0,7,0.8,ok,3717.5
2446,rev_002_704cf1b0,8,0.8333333333333334,ok,3760.5
2446,rev_002_704cf1b0,9,0.3333333333333333,ok,3320.0
2446,rev_002_704cf1b0,10,0.06666666666666667,ok,3772.0
2446,rev_002_704cf1b0,11,0.26666666666666666,ok,3734.0
2446,rev_002_704cf1b0,12,0.23333333333333334,ok,3761.5
2446,rev_002_704cf1b0,13,0.5666666666666667,ok,3806.5
2446,rev_002_704cf1b0,14,0.03333333333333333,ok,2900.0
2446,rev_003_de4c350c,0,0.3,ok,3166.0
2446,rev_003_de4c350c,1,0.4666666666666667,ok,3271.5
2446,rev_003_de4c350c,2,0.6666666666666666,ok,3681.0
2446,rev_003_de4c350c,3,0.6,ok,3656.0
2446,rev_003_de4c350c,4,0.0,ok,3672.5
2446,rev_003_de4c350c,5,0.9666666666666667,ok,3771.5
2446,rev_003_de4c350c,6,0.43333333333333335,ok,3703.5
2446,rev_003_de4c350c,7,0.13333333333333333,ok,3686.5
2446,rev_003_de4c350c,8,0.8666666666666667,ok,3676.5
2446,rev_003_de4c350c,9,0.7666666666666667,ok,3710.0
2446,rev_003_de4c350c,10,0.36666666666666664,ok,3497.5
2446,rev_003_de4c350c,11,0.1,ok,3708.0
2446,rev_003_de4c350c,12,0.5,ok,3645.0
2446,rev_003_de4c350c,13,0.7,ok,3490.0
2446,rev_003_de4c350c,14,0.4,ok,3688.5
2841,rev_001_deb3f0c8,0,0.6133333333333333,ok,5118.5
2841,rev_001_deb3f0c8,1,0.7733333333333333,ok,4253.5
2841,rev_001_deb3f0c8,2,0.30666666666666664,ok,4504.5
2841,rev_001_deb3f0c8,3,0.9733333333333334,ok,4974.5
2841,rev_001_deb3f0c8,4,0.8666666666666667,ok,4591.5
2841,rev_001_deb3f0c8,5,0.48,ok,4272.5
2841,rev_001_deb3f0c8,6,0.49333333333333335,ok,4947.5
2841,rev_001_deb3f0c8,7,0.05333333333333334,ok,5044.0
2841,rev_001_deb3f0c8,8,0.04,ok,5102.5
2841,rev_001_deb3f0c8,9,0.5333333333333333,ok,4795.5
2841,rev_001_deb3f0c8,10,0.6,ok,4961.0
2841,rev_001_deb3f0c8,11,0.8933333333333333,ok,4700.5
2841,rev_001_deb3f0c8,12,0.7466666666666667,ok,5067.0
2841,rev_001_deb3f0c8,13,0.9066666666666666,ok,4550.0
2841,rev_001_deb3f0c8,14,0.9866666666666667,ok,5011.5
2841,rev_003_cd6800c4,0,0.13333333333333333,ok,5155.5
2841,rev_003_cd6800c4,1,0.41333333333333333,ok,5002.5
2841,rev_003_cd6800c4,2,0.92,ok,4970.0
2841,rev_003_cd6800c4,3,0.013333333333333334,ok,4804.5
2841,rev_003_cd6800c4,4,0.25333333333333335,ok,5109.5
2841,rev_003_cd6800c4,5,0.26666666666666666,ok,4472.5
2841,rev_003_cd6800c4,6,0.56,ok,5129.0
2841,rev_003_cd6800c4,7,0.44,ok,5037.5
2841,rev_003_cd6800c4,8,0.37333333333333335,ok,4515.0
2841,rev_003_cd6800c4,9,0.4666666666666667,ok,4236.5
2841,rev_003_cd6800c4,10,0.4,ok,5046.5
2841,rev_003_cd6800c4,11,0.68,ok,4628.5
2841,rev_003_cd6800c4,12,0.5733333333333334,ok,5082.5
2841,rev_003_cd6800c4,13,0.9333333333333333,ok,4631.5
2841,rev_003_cd6800c4,14,0.2,ok,4958.0
2841,rev_004_e89651c3,0,0.17333333333333334,ok,5079.5
2841,rev_004_e89651c3,1,0.9466666666666667,ok,4705.0
2841,rev_004_e89651c3,2,0.8,ok,4977.5
2841,rev_004_e89651c3,3,0.4266666666666667,ok,4788.5
2841,rev_004_e89651c3,4,0.6933333333333334,ok,5050.0
2841,rev_004_e89651c3,5,0.96,ok,5008.0
2841,rev_004_e89651c3,6,0.02666666666666667,ok,4965.0
2841,rev_004_e89651c3,7,0.64,ok,4493.0
2841,rev_004_e89651c3,8,0.7866666666666666,ok,5029.5
2841,rev_004_e89651c3,9,0.12,ok,5027.0
2841,rev_004_e89651c3,10,0.28,ok,4934.5
2841,rev_004_e89651c3,11,0.72,ok,4878.5
2841,rev_004_e89651c3,12,0.5066666666666667,ok,5043.5
2841,rev_004_e89651c3,13,0.10666666666666667,ok,4628.5
2841,rev_004_e89651c3,14,0.7066666666666667,ok,4992.0
2841,rev_005_855558ff,0,0.7333333333333333,ok,6033.5
2841,rev_005_855558ff,1,0.0,ok,5821.0
2841,rev_005_855558ff,2,0.5466666666666666,ok,5998.5
2841,rev_005_855558ff,3,0.4533333333333333,ok,5435.0
2841,rev_005_855558ff,4,0.21333333333333335,ok,5383.5
2841,rev_005_855558ff,5,0.36,ok,5805.5
2841,rev_005_855558ff,6,0.29333333333333333,ok,5768.0
2841,rev_005_855558ff,7,0.22666666666666666,ok,5996.0
2841,rev_005_855558ff,8,0.5866666666666667,ok,5446.5
2841,rev_005_855558ff,9,0.88,ok,5367.0
2841,rev_005_855558ff,10,0.18666666666666668,ok,5626.0
2841,rev_005_855558ff,11,0.32,ok,6043.5
2841,rev_005_855558ff,12,0.16,ok,5832.0
2841,rev_005_855558ff,13,0.38666666666666666,ok,5679.0
2841,rev_005_855558ff,14,0.06666666666666667,ok,5515.0
2841,rev_008_db94f6e0,0,0.09333333333333334,ok,5901.5
2841,rev_008_db94f6e0,1,0.6666666666666666,ok,5892.0
2841,rev_008_db94f6e0,2,0.52,ok,5837.0
2841,rev_008_db94f6e0,3,0.24,ok,5987.0
2841,rev_008_db94f6e0,4,0.3333333333333333,ok,5704.0
2841,rev_008_db94f6e0,5,0.14666666666666667,ok,5864.0
2841,rev_008_db94f6e0,6,0.3466666666666667,ok,5200.5
2841,rev_008_db94f6e0,7,0.84,ok,5220.0
2841,rev_008_db94f6e0,8,0.8266666666666667,ok,5167.5
2841,rev_008_db94f6e0,9,0.6266666666666667,ok,5967.5
2841,rev_008_db94f6e0,10,0.6533333333333333,ok,5600.5
2841,rev_008_db94f6e0,11,0.08,ok,6093.0
2841,rev_008_db94f6e0,12,0.76,ok,5779.0
2841,rev_008_db94f6e0,13,0.8533333333333334,ok,5462.0
2841,rev_008_db94f6e0,14,0.8133333333333334,ok,4904.5
2844,rev_001_9990358a,0,0.9,ok,3882.0
2844,rev_001_9990358a,1,0.5333333333333333,ok,3078.0
2844,rev_001_9990358a,2,0.6333333333333333,ok,3288.5
2844,rev_001_9990358a,3,0.9333333333333333,ok,3855.5
2844,rev_001_9990358a,4,0.7333333333333333,ok,3858.0
2844,rev_001_9990358a,5,0.2,ok,3813.0
2844,rev_001_9990358a,6,0.16666666666666666,ok,3587.5
2844,rev_001_9990358a,7,0.8,ok,3687.5
2844,rev_001_9990358a,8,0.8333333333333334,ok,3741.5
2844,rev_001_9990358a,9,0.3333333333333333,ok,3804.0
2844,rev_001_9990358a,10,0.06666666666666667,ok,3220.5
2844,rev_001_9990358a,11,0.26666666666666666,ok,3887.0
2844,rev_001_9990358a,12,0.23333333333333334,ok,3846.5
2844,rev_001_9990358a,13,0.5666666666666667,ok,3853.0
2844,rev_001_9990358a,14,0.03333333333333333,ok,3864.0
2844,rev_002_2d4b389f,0,0.3,ok,3787.0
2844,rev_002_2d4b389f,1,0.4666666666666667,ok,3291.5
2844,rev_002_2d4b389f,2,0.6666666666666666,ok,3871.5
2844,rev_002_2d4b389f,3,0.6,ok,3784.5
2844,rev_002_2d4b389f,4,0.0,ok,3773.5
2844,rev_002_2d4b389f,5,0.9666666666666667,ok,3660.0
2844,rev_002_2d4b389f,6,0.43333333333333335,ok,3645.5
2844,rev_002_2d4b389f,7,0.13333333333333333,ok,3849.5
2844,rev_002_2d4b389f,8,0.8666666666666667,ok,3826.0
2844,rev_002_2d4b389f,9,0.7666666666666667,ok,3819.0
2844,rev_002_2d4b389f,10,0.36666666666666664,ok,3846.5
2844,rev_002_2d4b389f,11,0.1,ok,3808.0
2844,rev_002_2d4b389f,12,0.5,ok,3757.5
2844,rev_002_2d4b389f,13,0.7,ok,3371.0
2844,rev_002_2d4b389f,14,0.4,ok,3773.5
2860,rev_001_335e6fc9,0,0.9,ok,3276.0
2860,rev_001_335e6fc9,1,0.5333333333333333,ok,3327.5
2860,rev_001_335e6fc9,2,0.6333333333333333,ok,3342.0
2860,rev_001_335e6fc9,3,0.9333333333333333,ok,3313.5
2860,rev_001_335e6fc9,4,0.7333333333333333,ok,3340.5
2860,rev_001_335e6fc9,5,0.2,ok,3311.0
2860,rev_001_335e6fc9,6,0.16666666666666666,ok,3255.0
2860,rev_001_335e6fc9,7,0.8,ok,3503.0
2860,rev_001_335e6fc9,8,0.8333333333333334,ok,2989.5
2860,rev_001_335e6fc9,9,0.3333333333333333,ok,3302.0
2860,rev_001_335e6fc9,10,0.06666666666666667,ok,2747.5
2860,rev_001_335e6fc9,11,0.26666666666666666,ok,3320.0
2860,rev_001_335e6fc9,12,0.23333333333333334,ok,3426.5
2860,rev_001_335e6fc9,13,0.5666666666666667,ok,3319.0
2860,rev_001_335e6fc9,14,0.03333333333333333,ok,3240.5
2860,rev_002_213f9e67,0,0.3,ok,3085.5
2860,rev_002_213f9e67,1,0.4666666666666667,ok,3288.0
2860,rev_002_213f9e67,2,0.6666666666666666,ok,3287.5
2860,rev_002_213f9e67,3,0.6,ok,3267.0
2860,rev_002_213f9e67,4,0.0,ok,3303.0
2860,rev_002_213f9e67,5,0.9666666666666667,ok,3287.5
2860,rev_002_213f9e67,6,0.43333333333333335,ok,3252.0
2860,rev_002_213f9e67,7,0.13333333333333333,ok,3122.5
2860,rev_002_213f9e67,8,0.8666666666666667,ok,3087.0
2860,rev_002_213f9e67,9,0.7666666666666667,ok,3252.5
2860,rev_002_213f9e67,10,0.36666666666666664,ok,3237.0
2860,rev_002_213f9e67,11,0.1,ok,3256.0
2860,rev_002_213f9e67,12,0.5,ok,3288.5
2860,rev_002_213f9e67,13,0.7,ok,2993.0
2860,rev_002_213f9e67,14,0.4,ok,2744.0
2861,rev_001_335e6fc9,0,0.9,ok,6037.0
2861,rev_001_335e6fc9,1,0.5333333333333333,ok,5966.5
2861,rev_001_335e6fc9,2,0.6333333333333333,ok,5733.0
2861,rev_001_335e6fc9,3,0.9333333333333333,ok,5872.0
2861,rev_001_335e6fc9,4,0.7333333333333333,ok,6029.5
2861,rev_001_335e6fc9,5,0.2,ok,5521.0
2861,rev_001_335e6fc9,6,0.16666666666666666,ok,6185.0
2861,rev_001_335e6fc9,7,0.8,ok,5968.0
2861,rev_001_335e6fc9,8,0.8333333333333334,ok,5980.5
2861,rev_001_335e6fc9,9,0.3333333333333333,ok,6006.0
2861,rev_001_335e6fc9,10,0.06666666666666667,ok,5968.0
2861,rev_001_335e6fc9,11,0.26666666666666666,ok,5971.0
2861,rev_001_335e6fc9,12,0.23333333333333334,ok,6020.5
2861,rev_001_335e6fc9,13,0.5666666666666667,ok,5579.0
2861,rev_001_335e6fc9,14,0.03333333333333333,ok,6027.0
2861,rev_002_213f9e67,0,0.3,ok,5987.5
2861,rev_002_213f9e67,1,0.4666666666666667,ok,6044.0
2861,rev_002_213f9e67,2,0.6666666666666666,ok,5753.5
2861,rev_002_213f9e67,3,0.6,ok,5535.0
2861,rev_002_213f9e67,4,0.0,ok,5349.0
2861,rev_002_213f9e67,5,0.9666666666666667,ok,5874.5
2861,rev_002_213f9e67,6,0.43333333333333335,ok,4728.5
2861,rev_002_213f9e67,7,0.13333333333333333,ok,6049.0
2861,rev_002_213f9e67,8,0.8666666666666667,ok,5444.0
2861,rev_002_213f9e67,9,0.7666666666666667,ok,5610.0
2861,rev_002_213f9e67,10,0.36666666666666664,ok,5917.0
2861,rev_002_213f9e67,11,0.1,ok,6088.0
2861,rev_002_213f9e67,12,0.5,ok,5738.0
2861,rev_002_213f9e67,13,0.7,ok,5867.5
2861,rev_002_213f9e67,14,0.4,ok,5734.0
2866,rev_001_845b3e07,0,0.9,ok,3327.5
2866,rev_001_845b3e07,1,0.5333333333333333,ok,3060.5
2866,rev_001_845b3e07,2,0.6333333333333333,ok,3308.0
2866,rev_001_845b3e07,3,0.9333333333333333,ok,3280.5
2866,rev_001_845b3e07,4,0.7333333333333333,ok,3066.0
2866,rev_001_845b3e07,5,0.2,ok,3323.0
2866,rev_001_845b3e07,6,0.16666666666666666,ok,3333.5
2866,rev_001_845b3e07,7,0.8,ok,3269.0
2866,rev_001_845b3e07,8,0.8333333333333334,ok,3338.0
2866,rev_001_845b3e07,9,0.3333333333333333,ok,3303.0
2866,rev_001_845b3e07,10,0.06666666666666667,ok,2942.0
2866,rev_001_845b3e07,11,0.26666666666666666,ok,3249.0
2866,rev_001_845b3e07,12,0.23333333333333334,ok,2965.0
2866,rev_001_845b3e07,13,0.5666666666666667,ok,3337.5
2866,rev_001_845b3e07,14,0.03333333333333333,ok,3330.0
2866,rev_002_6bbb8e8d,0,0.3,ok,3322.5
2866,rev_002_6bbb8e8d,1,0.4666666666666667,ok,3311.5
2866,rev_002_6bbb8e8d,2,0.6666666666666666,ok,3375.5
2866,rev_002_6bbb8e8d,3,0.6,ok,3544.5
2866,rev_002_6bbb8e8d,4,0.0,ok,3284.0
2866,rev_002_6bbb8e8d,5,0.9666666666666667,ok,3398.0
2866,rev_002_6bbb8e8d,6,0.43333333333333335,ok,3356.0
2866,rev_002_6bbb8e8d,7,0.13333333333333333,ok,3520.0
2866,rev_002_6bbb8e8d,8,0.8666666666666667,ok,3404.0
2866,rev_002_6bbb8e8d,9,0.7666666666666667,ok,3319.0
2866,rev_002_6bbb8e8d,10,0.36666666666666664,ok,3315.5
2866,rev_002_6bbb8e8d,11,0.1,ok,3306.0
2866,rev_002_6bbb8e8d,12,0.5,ok,3334.5
2866,rev_002_6bbb8e8d,13,0.7,ok,3568.0
2866,rev_002_6bbb8e8d,14,0.4,ok,3309.5
2871,rev_002_4acaae61,0,0.9,ok,5546.5
2871,rev_002_4acaae61,1,0.5333333333333333,ok,5585.0
2871,rev_002_4acaae61,2,0.6333333333333333,ok,5396.5
2871,rev_002_4acaae61,3,0.9333333333333333,ok,5146.5
2871,rev_002_4acaae61,4,0.7333333333333333,ok,5278.0
2871,rev_002_4acaae61,5,0.2,ok,5623.5
2871,rev_002_4acaae61,6,0.16666666666666666,ok,5653.0
2871,rev_002_4acaae61,7,0.8,ok,5528.5
2871,rev_002_4acaae61,8,0.8333333333333334,ok,5689.5
2871,rev_002_4acaae61,9,0.3333333333333333,ok,5557.0
2871,rev_002_4acaae61,10,0.06666666666666667,ok,5588.0
2871,rev_002_4acaae61,11,0.26666666666666666,ok,5221.0
2871,rev_002_4acaae61,12,0.23333333333333334,ok,4994.5
2871,rev_002_4acaae61,13,0.5666666666666667,ok,5712.0
2871,rev_002_4acaae61,14,0.03333333333333333,ok,5679.0
2871,rev_003_a7eb684f,0,0.3,ok,5499.5
2871,rev_003_a7eb684f,1,0.4666666666666667,ok,5521.5
2871,rev_003_a7eb684f,2,0.6666666666666666,ok,5572.5
2871,rev_003_a7eb684f,3,0.6,ok,5591.0
2871,rev_003_a7eb684f,4,0.0,ok,5270.0
2871,rev_003_a7eb684f,5,0.9666666666666667,ok,5509.5
2871,rev_003_a7eb684f,6,0.43333333333333335,ok,5671.0
2871,rev_003_a7eb684f,7,0.13333333333333333,ok,5497.0
2871,rev_003_a7eb684f,8,0.8666666666666667,ok,5685.0
2871,rev_003_a7eb684f,9,0.7666666666666667,ok,5641.5
2871,rev_003_a7eb684f,10,0.36666666666666664,ok,5256.5
2871,rev_003_a7eb684f,11,0.1,ok,5392.0
2871,rev_003_a7eb684f,12,0.5,ok,5765.0
2871,rev_003_a7eb684f,13,0.7,ok,5624.5
2871,rev_003_a7eb684f,14,0.4,ok,5120.0
2872,rev_001_7075e3f7,0,0.9,ok,1257.0
2872,rev_001_7075e3f7,1,0.5333333333333333,ok,1280.0
2872,rev_001_7075e3f7,2,0.6333333333333333,ok,1212.5
2872,rev_001_7075e3f7,3,0.9333333333333333,ok,1384.0
2872,rev_001_7075e3f7,4,0.7333333333333333,ok,1492.0
2872,rev_001_7075e3f7,5,0.2,ok,1287.0
2872,rev_001_7075e3f7,6,0.16666666666666666,ok,1378.5
2872,rev_001_7075e3f7,7,0.8,ok,1418.0
2872,rev_001_7075e3f7,8,0.8333333333333334,ok,1481.5
2872,rev_001_7075e3f7,9,0.3333333333333333,ok,1205.0
2872,rev_001_7075e3f7,10,0.06666666666666667,ok,1393.5
2872,rev_001_7075e3f7,11,0.26666666666666666,ok,1475.0
2872,rev_001_7075e3f7,12,0.23333333333333334,ok,1382.5
2872,rev_001_7075e3f7,13,0.5666666666666667,ok,1523.0
2872,rev_001_7075e3f7,14,0.03333333333333333,ok,1568.0
2872,rev_002_4acaae61,0,0.3,ok,1454.0
2872,rev_002_4acaae61,1,0.4666666666666667,ok,1500.0
2872,rev_002_4acaae61,2,0.6666666666666666,ok,1405.0
2872,rev_002_4acaae61,3,0.6,ok,1486.0
2872,rev_002_4acaae61,4,0.0,ok,1475.0
2872,rev_002_4acaae61,5,0.9666666666666667,ok,1244.0
2872,rev_002_4acaae61,6,0.43333333333333335,ok,1502.0
2872,rev_002_4acaae61,7,0.13333333333333333,ok,1464.5
2872,rev_002_4acaae61,8,0.8666666666666667,ok,1497.0
2872,rev_002_4acaae61,9,0.7666666666666667,ok,1477.0
2872,rev_002_4acaae61,10,0.36666666666666664,ok,1464.0
2872,rev_002_4acaae61,11,0.1,ok,1127.0
2872,rev_002_4acaae61,12,0.5,ok,1460.5
2872,rev_002_4acaae61,13,0.7,ok,1517.0
2872,rev_002_4acaae61,14,0.4,ok,1409.0
2941,rev_001_d47256a6,0,0.5777777777777777,ok,4596.0
2941,rev_001_d47256a6,1,0.9333333333333333,ok,4541.5
2941,rev_001_d47256a6,2,0.7333333333333333,ok,4171.5
2941,rev_001_d47256a6,3,0.2,ok,4124.5
2941,rev_001_d47256a6,4,0.24444444444444444,ok,4641.5
2941,rev_001_d47256a6,5,0.7777777777777778,ok,4435.5
2941,rev_001_d47256a6,6,0.8222222222222222,ok,4769.0
2941,rev_001_d47256a6,7,0.9555555555555556,ok,4754.0
2941,rev_001_d47256a6,8,0.8444444444444444,ok,4554.5
2941,rev_001_d47256a6,9,0.1111111111111111,ok,4648.0
2941,rev_001_d47256a6,10,0.06666666666666667,ok,4672.5
2941,rev_001_d47256a6,11,0.3111111111111111,ok,4729.0
2941,rev_001_d47256a6,12,0.17777777777777778,ok,4632.0
2941,rev_001_d47256a6,13,0.4444444444444444,ok,4820.5
2941,rev_001_d47256a6,14,0.8666666666666667,ok,4699.5
2941,rev_002_7a74a622,0,0.8888888888888888,ok,4078.0
2941,rev_002_7a74a622,1,0.6222222222222222,ok,4770.5
2941,rev_002_7a74a622,2,0.9111111111111111,ok,4632.0
2941,rev_002_7a74a622,3,0.0,ok,4833.0
2941,rev_002_7a74a622,4,0.6,ok,4578.0
2941,rev_002_7a74a622,5,0.4888888888888889,ok,3914.0
2941,rev_002_7a74a622,6,0.022222222222222223,ok,4825.5
2941,rev_002_7a74a622,7,0.5111111111111111,ok,4644.0
2941,rev_002_7a74a622,8,0.08888888888888889,ok,4724.0
2941,rev_002_7a74a622,9,0.28888888888888886,ok,4603.0
2941,rev_002_7a74a622,10,0.4666666666666667,ok,4697.0
2941,rev_002_7a74a622,11,0.35555555555555557,ok,4865.0
2941,rev_002_7a74a622,12,0.7555555555555555,ok,4206.5
2941,rev_002_7a74a622,13,0.13333333333333333,ok,4724.0
2941,rev_002_7a74a622,14,0.4222222222222222,ok,4881.0
2941,rev_003_49282111,0,0.5333333333333333,ok,4854.5
2941,rev_003_49282111,1,0.3333333333333333,ok,4869.5
2941,rev_003_49282111,2,0.15555555555555556,ok,4651.0
2941,rev_003_49282111,3,0.2222222222222222,ok,3626.0
2941,rev_003_49282111,4,0.8,ok,4633.5
2941,rev_003_49282111,5,0.6888888888888889,ok,4641.5
2941,rev_003_49282111,6,0.044444444444444446,ok,4776.5
2941,rev_003_49282111,7,0.6666666666666666,ok,4696.5
2941,rev_003_49282111,8,0.37777777777777777,ok,4699.5
2941,rev_003_49282111,9,0.4,ok,4734.0
2941,rev_003_49282111,10,0.9777777777777777,ok,4841.5
2941,rev_003_49282111,11,0.5555555555555556,ok,4632.5
2941,rev_003_49282111,12,0.7111111111111111,ok,4706.0
2941,rev_003_49282111,13,0.6444444444444445,ok,4838.0
2941,rev_003_49282111,14,0.26666666666666666,ok,4750.0
2944,rev_001_6a642d34,0,0.9,ok,8118.5
2944,rev_001_6a642d34,1,0.5333333333333333,ok,10381.0
2944,rev_001_6a642d34,2,0.6333333333333333,ok,9825.0
2944,rev_001_6a642d34,3,0.9333333333333333,ok,8790.0
2944,rev_001_6a642d34,4,0.7333333333333333,ok,9706.0
2944,rev_001_6a642d34,5,0.2,ok,9708.0
2944,rev_001_6a642d34,6,0.16666666666666666,ok,9581.0
2944,rev_001_6a642d34,7,0.8,ok,9954.5
2944,rev_001_6a642d34,8,0.8333333333333334,ok,9932.0
2944,rev_001_6a642d34,9,0.3333333333333333,ok,9776.5
2944,rev_001_6a642d34,10,0.06666666666666667,ok,10082.0
2944,rev_001_6a642d34,11,0.26666666666666666,ok,9925.5
2944,rev_001_6a642d34,12,0.23333333333333334,ok,9183.0
2944,rev_001_6a642d34,13,0.5666666666666667,ok,9778.0
2944,rev_001_6a642d34,14,0.03333333333333333,ok,9820.0
2944,rev_002_19ac2c28,0,0.3,ok,9754.0
2944,rev_002_19ac2c28,1,0.4666666666666667,ok,9555.5
2944,rev_002_19ac2c28,2,0.6666666666666666,ok,9698.0
2944,rev_002_19ac2c28,3,0.6,ok,9680.5
2944,rev_002_19ac2c28,4,0.0,ok,9853.5
2944,rev_002_19ac2c28,5,0.9666666666666667,ok,9284.5
2944,rev_002_19ac2c28,6,0.43333333333333335,ok,9822.0
2944,rev_002_19ac2c28,7,0.13333333333333333,ok,9779.5
2944,rev_002_19ac2c28,8,0.8666666666666667,ok,9784.0
2944,rev_002_19ac2c28,9,0.7666666666666667,ok,10131.0
2944,rev_002_19ac2c28,10,0.36666666666666664,ok,9729.0
2944,rev_002_19ac2c28,11,0.1,ok,8672.5
2944,rev_002_19ac2c28,12,0.5,ok,9136.0
2944,rev_002_19ac2c28,13,0.7,ok,10104.0
2944,rev_002_19ac2c28,14,0.4,ok,9835.0
2953,rev_001_a46d1727,0,0.43333333333333335,ok,2685.0
2953,rev_001_a46d1727,1,0.95,ok,2651.5
2953,rev_001_a46d1727,2,0.7166666666666667,ok,2654.5
2953,rev_001_a46d1727,3,0.26666666666666666,ok,2555.0
2953,rev_001_a46d1727,4,0.31666666666666665,ok,2692.5
2953,rev_001_a46d1727,5,0.7666666666666667,ok,2576.0
2953,rev_001_a46d1727,6,0.8333333333333334,ok,2633.0
2953,rev_001_a46d1727,7,0.9666666666666667,ok,2292.5
2953,rev_001_a46d1727,8,0.8666666666666667,ok,2726.0
2953,rev_001_a46d1727,9,0.16666666666666666,ok,2115.0
2953,rev_001_a46d1727,10,0.35,ok,2333.0
2953,rev_001_a46d1727,11,0.05,ok,2671.5
2953,rev_001_a46d1727,12,0.5833333333333334,ok,2662.5
2953,rev_001_a46d1727,13,0.6666666666666666,ok,2612.5
2953,rev_001_a46d1727,14,0.8833333333333333,ok,2526.0
2953,rev_002_1b77e180,0,0.9,ok,3413.5
2953,rev_002_1b77e180,1,0.06666666666666667,ok,3906.5
2953,rev_002_1b77e180,2,0.9166666666666666,ok,3926.5
2953,rev_002_1b77e180,3,0.5,ok,3512.5
2953,rev_002_1b77e180,4,0.15,ok,3826.5
2953,rev_002_1b77e180,5,0.08333333333333333,ok,3872.0
2953,rev_002_1b77e180,6,0.2833333333333333,ok,3892.0
2953,rev_002_1b77e180,7,0.38333333333333336,ok,3814.5
2953,rev_002_1b77e180,8,0.016666666666666666,ok,3882.0
2953,rev_002_1b77e180,9,0.4166666666666667,ok,3879.0
2953,rev_002_1b77e180,10,0.4666666666666667,ok,3665.5
2953,rev_002_1b77e180,11,0.55,ok,3358.5
2953,rev_002_1b77e180,12,0.7333333333333333,ok,3851.5
2953,rev_002_1b77e180,13,0.5166666666666667,ok,3330.0
2953,rev_002_1b77e180,14,0.3333333333333333,ok,3573.5
2953,rev_003_4720427e,0,0.23333333333333334,ok,4977.5
2953,rev_003_4720427e,1,0.2,ok,4693.5
2953,rev_003_4720427e,2,0.6333333333333333,ok,4570.0
2953,rev_003_4720427e,3,0.13333333333333333,ok,4704.5
2953,rev_003_4720427e,4,0.7833333333333333,ok,4469.5
2953,rev_003_4720427e,5,0.6,ok,4896.0
2953,rev_003_4720427e,6,0.18333333333333332,ok,4967.0
2953,rev_003_4720427e,7,0.75,ok,4445.0
2953,rev_003_4720427e,8,0.0,ok,4994.5
2953,rev_003_4720427e,9,0.5333333333333333,ok,4496.5
2953,rev_003_4720427e,10,0.9833333333333333,ok,4735.0
2953,rev_003_4720427e,11,0.4,ok,4957.0
2953,rev_003_4720427e,12,0.6166666666666667,ok,5043.5
2953,rev_003_4720427e,13,0.8166666666666667,ok,4868.5
2953,rev_003_4720427e,14,0.45,ok,4751.5
2953,rev_004_098d150a,0,0.21666666666666667,ok,4171.5
2953,rev_004_098d150a,1,0.6833333333333333,ok,4635.5
2953,rev_004_098d150a,2,0.9333333333333333,ok,4915.5
2953,rev_004_098d150a,3,0.5666666666666667,ok,4551.0
2953,rev_004_098d150a,4,0.25,ok,4458.0
2953,rev_004_098d150a,5,0.3,ok,4753.5
2953,rev_004_098d150a,6,0.8,ok,4671.5
2953,rev_004_098d150a,7,0.48333333333333334,ok,4511.5
2953,rev_004_098d150a,8,0.65,ok,4654.0
2953,rev_004_098d150a,9,0.03333333333333333,ok,4783.5
2953,rev_004_098d150a,10,0.1,ok,4858.5
2953,rev_004_098d150a,11,0.85,ok,4945.5
2953,rev_004_098d150a,12,0.7,ok,3992.0
2953,rev_004_098d150a,13,0.11666666666666667,ok,5015.0
2953,rev_004_098d150a,14,0.36666666666666664,ok,4826.5
2962,rev_001_fefa1533,0,0.9,ok,2911.5
2962,rev_001_fefa1533,1,0.5333333333333333,ok,2882.0
2962,rev_001_fefa1533,2,0.6333333333333333,ok,2988.0
2962,rev_001_fefa1533,3,0.9333333333333333,ok,2775.0
2962,rev_001_fefa1533,4,0.7333333333333333,ok,2952.5
2962,rev_001_fefa1533,5,0.2,ok,2934.5
2962,rev_001_fefa1533,6,0.16666666666666666,ok,2717.0
2962,rev_001_fefa1533,7,0.8,ok,2656.5
2962,rev_001_fefa1533,8,0.8333333333333334,ok,2959.0
2962,rev_001_fefa1533,9,0.3333333333333333,ok,2946.5
2962,rev_001_fefa1533,10,0.06666666666666667,ok,2847.5
2962,rev_001_fefa1533,11,0.26666666666666666,ok,2799.0
2962,rev_001_fefa1533,12,0.23333333333333334,ok,2995.5
2962,rev_001_fefa1533,13,0.5666666666666667,ok,2948.5
2962,rev_001_fefa1533,14,0.03333333333333333,ok,2945.0
2962,rev_002_6a56bffb,0,0.3,ok,2833.0
2962,rev_002_6a56bffb,1,0.4666666666666667,ok,2771.0
2962,rev_002_6a56bffb,2,0.6666666666666666,ok,2663.5
2962,rev_002_6a56bffb,3,0.6,ok,2846.5
2962,rev_002_6a56bffb,4,0.0,ok,2812.5
2962,rev_002_6a56bffb,5,0.9666666666666667,ok,2848.5
2962,rev_002_6a56bffb,6,0.43333333333333335,ok,2834.0
2962,rev_002_6a56bffb,7,0.13333333333333333,ok,2816.5
2962,rev_002_6a56bffb,8,0.8666666666666667,ok,2816.0
2962,rev_002_6a56bffb,9,0.7666666666666667,ok,2798.0
2962,rev_002_6a56bffb,10,0.36666666666666664,ok,2840.5
2962,rev_002_6a56bffb,11,0.1,ok,2645.0
2962,rev_002_6a56bffb,12,0.5,ok,2534.0
2962,rev_002_6a56bffb,13,0.7,ok,2625.5
2962,rev_002_6a56bffb,14,0.4,ok,2821.5
2987,rev_001_a2ef3b0d,0,0.9,ok,672.5
2987,rev_001_a2ef3b0d,1,0.5333333333333333,ok,661.5
2987,rev_001_a2ef3b0d,2,0.6333333333333333,ok,641.0
2987,rev_001_a2ef3b0d,3,0.9333333333333333,ok,666.0
2987,rev_001_a2ef3b0d,4,0.7333333333333333,ok,640.0
2987,rev_001_a2ef3b0d,5,0.2,ok,653.0
2987,rev_001_a2ef3b0d,6,0.16666666666666666,ok,669.0
2987,rev_001_a2ef3b0d,7,0.8,ok,639.0
2987,rev_001_a2ef3b0d,8,0.8333333333333334,ok,671.5
2987,rev_001_a2ef3b0d,9,0.3333333333333333,ok,651.5
2987,rev_001_a2ef3b0d,10,0.06666666666666667,ok,648.0
2987,rev_001_a2ef3b0d,11,0.26666666666666666,ok,655.0
2987,rev_001_a2ef3b0d,12,0.23333333333333334,ok,668.5
2987,rev_001_a2ef3b0d,13,0.5666666666666667,ok,655.0
2987,rev_001_a2ef3b0d,14,0.03333333333333333,ok,651.5
2987,rev_002_43588307,0,0.3,ok,632.0
2987,rev_002_43588307,1,0.4666666666666667,ok,682.0
2987,rev_002_43588307,2,0.6666666666666666,ok,652.0
2987,rev_002_43588307,3,0.6,ok,658.0
2987,rev_002_43588307,4,0.0,ok,658.5
2987,rev_002_43588307,5,0.9666666666666667,ok,611.0
2987,rev_002_43588307,6,0.43333333333333335,ok,657.5
2987,rev_002_43588307,7,0.13333333333333333,ok,649.0
2987,rev_002_43588307,8,0.8666666666666667,ok,671.5
2987,rev_002_43588307,9,0.7666666666666667,ok,667.0
2987,rev_002_43588307,10,0.36666666666666664,ok,656.0
2987,rev_002_43588307,11,0.1,ok,678.5
2987,rev_002_43588307,12,0.5,ok,677.5
2987,rev_002_43588307,13,0.7,ok,654.5
2987,rev_002_43588307,14,0.4,ok,663.5
3158,rev_001_741d00b3,0,0.9,ok,1314.5
3158,rev_001_741d00b3,1,0.5333333333333333,ok,1271.0
3158,rev_001_741d00b3,2,0.6333333333333333,ok,1239.5
3158,rev_001_741d00b3,3,0.9333333333333333,ok,1333.5
3158,rev_001_741d00b3,4,0.7333333333333333,ok,1320.5
3158,rev_001_741d00b3,5,0.2,ok,1332.0
3158,rev_001_741d00b3,6,0.16666666666666666,ok,1343.5
3158,rev_001_741d00b3,7,0.8,ok,1284.5
3158,rev_001_741d00b3,8,0.8333333333333334,ok,1333.5
3158,rev_001_741d00b3,9,0.3333333333333333,ok,1325.0
3158,rev_001_741d00b3,10,0.06666666666666667,ok,1307.0
3158,rev_001_741d00b3,11,0.26666666666666666,ok,1333.0
3158,rev_001_741d00b3,12,0.23333333333333334,ok,1337.5
3158,rev_001_741d00b3,13,0.5666666666666667,ok,1150.0
3158,rev_001_741d00b3,14,0.03333333333333333,ok,1316.5
3158,rev_002_8197355c,0,0.3,ok,1314.5
3158,rev_002_8197355c,1,0.4666666666666667,ok,1342.5
3158,rev_002_8197355c,2,0.6666666666666666,ok,1305.0
3158,rev_002_8197355c,3,0.6,ok,1281.5
3158,rev_002_8197355c,4,0.0,ok,1026.0
3158,rev_002_8197355c,5,0.9666666666666667,ok,1308.0
3158,rev_002_8197355c,6,0.43333333333333335,ok,1276.0
3158,rev_002_8197355c,7,0.13333333333333333,ok,1333.0
3158,rev_002_8197355c,8,0.8666666666666667,ok,1301.0
3158,rev_002_8197355c,9,0.7666666666666667,ok,998.0
3158,rev_002_8197355c,10,0.36666666666666664,ok,1327.5
3158,rev_002_8197355c,11,0.1,ok,1257.5
3158,rev_002_8197355c,12,0.5,ok,1166.0
3158,rev_002_8197355c,13,0.7,ok,1244.0
3158,rev_002_8197355c,14,0.4,ok,1262.5
