pair_id,group,left,right,d_treeNonConstWidgetCount,d_treeMaxWidgetNestingDepth,d_treeListRenderingStrategy,d_rootBuildReturnsConstWidget,d_treeConstWidgetCount,d_helperReferenceCount,d_treeCyclomaticComplexity,d_treeIterationCount,d_iterationWidgetCount,d_valueObjectAllocCount,d_helperWidgetCount,delta,label
01/mutation_1~mutation_2,01,mutation_1,mutation_2,-7,-3,0,0,6,0,0,0,-5,-2,-2,-0.87555555555555553,0
01/mutation_1~mutation_3,01,mutation_1,mutation_3,-3,-3,0,0,0,0,0,0,-3,1,0,-0.45777777777777778,0
01/mutation_1~mutation_4,01,mutation_1,mutation_4,-3,-2,1,0,0,0,-2,1,-4,0,0,-0.87555555555555553,0
01/mutation_1~mutation_5,01,mutation_1,mutation_5,15,5,0,0,2,-3,5,0,-5,0,-15,-0.77777777777777779,0
01/mutation_1~mutation_6,01,mutation_1,mutation_6,42,4,0,0,0,-3,18,0,-3,16,-15,-0.52000000000000002,0
01/mutation_1~mutation_7,01,mutation_1,mutation_7,3,-3,0,0,0,0,0,0,3,3,0,1,1
01/mutation_2~mutation_3,01,mutation_2,mutation_3,4,0,0,0,-6,0,0,0,2,3,2,0.5822222222222222,1
01/mutation_2~mutation_4,01,mutation_2,mutation_4,4,1,1,0,-6,0,-2,1,1,2,2,-0.39555555555555555,0
01/mutation_2~mutation_5,01,mutation_2,mutation_5,22,8,0,0,-4,-3,5,0,0,2,-13,0.52000000000000002,1
01/mutation_2~mutation_6,01,mutation_2,mutation_6,49,7,0,0,-6,-3,18,0,2,18,-13,0.5822222222222222,1
01/mutation_2~mutation_7,01,mutation_2,mutation_7,10,0,0,0,-6,0,0,0,8,5,2,1,1
01/mutation_3~mutation_4,01,mutation_3,mutation_4,0,1,1,0,0,0,-2,1,-1,-1,0,-0.62666666666666671,0
01/mutation_3~mutation_5,01,mutation_3,mutation_5,18,8,0,0,2,-3,5,0,-2,-1,-15,-0.52000000000000002,0
01/mutation_3~mutation_7,01,mutation_3,mutation_7,6,0,0,0,0,0,0,0,6,2,0,1,1
01/mutation_4~mutation_5,01,mutation_4,mutation_5,18,7,-1,0,2,-3,7,-1,-1,0,-15,0.63555555555555554,1
01/mutation_4~mutation_6,01,mutation_4,mutation_6,45,6,-1,0,0,-3,20,-1,1,16,-15,0.70666666666666667,1
01/mutation_4~mutation_7,01,mutation_4,mutation_7,6,-1,-1,0,0,0,2,-1,7,3,0,1,1
01/mutation_4~mutation_8,01,mutation_4,mutation_8,1,0,-1,0,0,0,2,-1,1,0,0,0.35999999999999999,1
01/mutation_5~mutation_6,01,mutation_5,mutation_6,27,-1,0,0,-2,0,13,0,2,16,0,0.52888888888888885,1
01/mutation_5~mutation_7,01,mutation_5,mutation_7,-12,-8,0,0,-2,3,-5,0,8,3,15,1,1
01/mutation_6~mutation_7,01,mutation_6,mutation_7,-39,-7,0,0,0,3,-18,0,6,-13,15,1,1
01/mutation_7~mutation_8,01,mutation_7,mutation_8,-5,1,0,0,0,0,0,0,-6,-3,0,-1,0
02/mutation_1~mutation_5,02,mutation_1,mutation_5,8,5,0,0,0,-1,1,0,0,0,-9,-0.39555555555555555,0
02/mutation_1~mutation_6,02,mutation_1,mutation_6,7,4,0,0,0,-1,0,0,0,0,-9,-0.3511111111111111,0
02/mutation_1~mutation_7,02,mutation_1,mutation_7,0,0,0,0,0,0,0,0,0,0,1,1,1
02/mutation_1~mutation_8,02,mutation_1,mutation_8,1,0,0,0,0,0,0,0,0,0,-2,1,1
02/mutation_2~mutation_5,02,mutation_2,mutation_5,8,5,-2,0,0,-1,1,-1,-1,0,-4,-0.3511111111111111,0
02/mutation_2~mutation_7,02,mutation_2,mutation_7,0,0,-2,0,0,0,0,-1,-1,0,6,1,1
02/mutation_2~mutation_8,02,mutation_2,mutation_8,1,0,-2,0,0,0,0,-1,-1,0,3,1,1
02/mutation_3~mutation_7,02,mutation_3,mutation_7,-1,0,0,0,1,0,0,0,0,-3,3,1,1
02/mutation_3~mutation_8,02,mutation_3,mutation_8,0,0,0,0,1,0,0,0,0,-3,0,1,1
02/mutation_4~mutation_5,02,mutation_4,mutation_5,8,5,-2,0,0,-1,1,-1,-1,0,-8,-0.47555555555555556,0
02/mutation_4~mutation_6,02,mutation_4,mutation_6,7,4,-2,0,0,-1,0,-1,-1,0,-8,-0.45777777777777778,0
02/mutation_4~mutation_7,02,mutation_4,mutation_7,0,0,-2,0,0,0,0,-1,-1,0,2,1,1
02/mutation_4~mutation_8,02,mutation_4,mutation_8,1,0,-2,0,0,0,0,-1,-1,0,-1,1,1
02/mutation_5~mutation_7,02,mutation_5,mutation_7,-8,-5,0,0,0,1,-1,0,0,0,10,1,1
02/mutation_5~mutation_8,02,mutation_5,mutation_8,-7,-5,0,0,0,1,-1,0,0,0,7,1,1
02/mutation_6~mutation_7,02,mutation_6,mutation_7,-7,-4,0,0,0,1,0,0,0,0,10,1,1
02/mutation_6~mutation_8,02,mutation_6,mutation_8,-6,-4,0,0,0,1,0,0,0,0,7,1,1
02/mutation_7~mutation_8,02,mutation_7,mutation_8,1,0,0,0,0,0,0,0,0,0,-3,0.90222222222222226,1
03/mutation_1~mutation_7,03,mutation_1,mutation_7,-14,-6,2,0,0,1,1,1,0,0,4,0.66222222222222227,1
03/mutation_1~mutation_8,03,mutation_1,mutation_8,-9,-4,0,0,0,0,0,0,0,0,0,1,1
03/mutation_2~mutation_5,03,mutation_2,mutation_5,3,1,0,0,-1,0,2,0,0,0,0,0.33333333333333331,1
03/mutation_2~mutation_6,03,mutation_2,mutation_6,-1,0,0,0,-1,0,1,0,0,0,0,0.3511111111111111,1
03/mutation_2~mutation_7,03,mutation_2,mutation_7,-3,-1,2,0,-1,1,1,1,0,0,4,0.74222222222222223,1
03/mutation_2~mutation_8,03,mutation_2,mutation_8,2,1,0,0,-1,0,0,0,0,0,0,1,1
03/mutation_3~mutation_7,03,mutation_3,mutation_7,-4,-1,2,0,0,1,1,1,0,-2,4,0.66222222222222227,1
03/mutation_3~mutation_8,03,mutation_3,mutation_8,1,1,0,0,0,0,0,0,0,-2,0,1,1
03/mutation_4~mutation_5,03,mutation_4,mutation_5,2,3,-2,0,0,0,2,-1,0,0,0,0.3511111111111111,1
03/mutation_4~mutation_7,03,mutation_4,mutation_7,-4,1,0,0,0,1,1,0,0,0,4,0.76888888888888884,1
03/mutation_4~mutation_8,03,mutation_4,mutation_8,1,3,-2,0,0,0,0,-1,0,0,0,1,1
03/mutation_5~mutation_7,03,mutation_5,mutation_7,-6,-2,2,0,0,1,-1,1,0,0,4,0.33333333333333331,1
03/mutation_5~mutation_8,03,mutation_5,mutation_8,-1,0,0,0,0,0,-2,0,0,0,0,1,1
03/mutation_6~mutation_7,03,mutation_6,mutation_7,-2,-1,2,0,0,1,0,1,0,0,4,0.45777777777777778,1
03/mutation_6~mutation_8,03,mutation_6,mutation_8,3,1,0,0,0,0,-1,0,0,0,0,1,1
03/mutation_7~mutation_8,03,mutation_7,mutation_8,5,2,-2,0,0,-1,-1,-1,0,0,-4,1,1
04/mutation_1~mutation_2,04,mutation_1,mutation_2,-5,-5,0,0,0,0,0,0,0,0,0,-0.57333333333333336,0
04/mutation_1~mutation_6,04,mutation_1,mutation_6,-7,-7,0,0,0,0,0,0,0,0,0,-0.57333333333333336,0
04/mutation_1~mutation_8,04,mutation_1,mutation_8,-5,-5,0,0,0,0,0,0,0,0,0,1,1
04/mutation_2~mutation_3,04,mutation_2,mutation_3,-1,-1,0,0,0,0,0,0,0,1,0,0.3511111111111111,1
04/mutation_2~mutation_5,04,mutation_2,mutation_5,2,2,0,0,0,0,3,0,0,0,0,0.37777777777777777,1
04/mutation_2~mutation_7,04,mutation_2,mutation_7,1,0,2,0,0,0,1,1,1,1,0,0.44888888888888889,1
04/mutation_3~mutation_6,04,mutation_3,mutation_6,-1,-1,0,0,0,0,0,0,0,-1,0,-0.34222222222222221,0
04/mutation_3~mutation_8,04,mutation_3,mutation_8,1,1,0,0,0,0,0,0,0,-1,0,1,1
04/mutation_4~mutation_8,04,mutation_4,mutation_8,0,0,-2,0,-1,0,-1,-1,0,0,0,1,1
04/mutation_5~mutation_8,04,mutation_5,mutation_8,-2,-2,0,0,0,0,-3,0,0,0,0,1,1
04/mutation_6~mutation_7,04,mutation_6,mutation_7,3,2,2,0,0,0,1,1,1,1,0,0.46666666666666667,1
04/mutation_6~mutation_8,04,mutation_6,mutation_8,2,2,0,0,0,0,0,0,0,0,0,1,1
04/mutation_7~mutation_8,04,mutation_7,mutation_8,-1,0,-2,0,0,0,-1,-1,-1,-1,0,1,1
05/mutation_1~mutation_2,05,mutation_1,mutation_2,-8,-5,0,0,0,0,0,0,-8,0,0,-0.77777777777777779,0
05/mutation_1~mutation_3,05,mutation_1,mutation_3,-4,-5,0,0,-3,0,0,0,-6,3,0,-0.63555555555555554,0
05/mutation_1~mutation_4,05,mutation_1,mutation_4,-7,-6,0,0,0,0,2,1,-8,0,0,-1,0
05/mutation_1~mutation_5,05,mutation_1,mutation_5,-6,-3,0,0,1,0,4,0,-15,0,0,-0.69777777777777783,0
05/mutation_1~mutation_6,05,mutation_1,mutation_6,-10,-4,0,0,0,0,-2,0,-8,0,0,-0.60888888888888892,0
05/mutation_1~mutation_7,05,mutation_1,mutation_7,-8,-5,0,0,0,5,0,0,-8,0,0,-0.88444444444444448,0
05/mutation_1~mutation_8,05,mutation_1,mutation_8,-7,-4,0,0,0,0,0,0,-8,0,0,0.35999999999999999,1
05/mutation_2~mutation_3,05,mutation_2,mutation_3,4,0,0,0,-3,0,0,0,2,3,0,0.36888888888888888,1
05/mutation_2~mutation_4,05,mutation_2,mutation_4,1,-1,0,0,0,0,2,1,0,0,0,-0.78666666666666663,0
05/mutation_2~mutation_7,05,mutation_2,mutation_7,0,0,0,0,0,5,0,0,0,0,0,-0.41333333333333333,0
05/mutation_2~mutation_8,05,mutation_2,mutation_8,1,1,0,0,0,0,0,0,0,0,0,0.74222222222222223,1
05/mutation_3~mutation_4,05,mutation_3,mutation_4,-3,-1,0,0,3,0,2,1,-2,-3,0,-0.98222222222222222,0
05/mutation_3~mutation_5,05,mutation_3,mutation_5,-2,2,0,0,4,0,4,0,-9,-3,0,-0.3511111111111111,0
05/mutation_3~mutation_7,05,mutation_3,mutation_7,-4,0,0,0,3,5,0,0,-2,-3,0,-0.61777777777777776,0
05/mutation_3~mutation_8,05,mutation_3,mutation_8,-3,1,0,0,3,0,0,0,-2,-3,0,0.66222222222222227,1
05/mutation_4~mutation_5,05,mutation_4,mutation_5,1,3,0,0,1,0,2,-1,-7,0,0,0.97333333333333338,1
05/mutation_4~mutation_6,05,mutation_4,mutation_6,-3,2,0,0,0,0,-4,-1,0,0,0,0.98222222222222222,1
05/mutation_4~mutation_7,05,mutation_4,mutation_7,-1,1,0,0,0,5,-2,-1,0,0,0,0.85777777777777775,1
05/mutation_4~mutation_8,05,mutation_4,mutation_8,0,2,0,0,0,0,-2,-1,0,0,0,1,1
05/mutation_5~mutation_8,05,mutation_5,mutation_8,-1,-1,0,0,-1,0,-4,0,7,0,0,0.74222222222222223,1
05/mutation_6~mutation_7,05,mutation_6,mutation_7,2,-1,0,0,0,5,2,0,0,0,0,-0.59111111111111114,0
05/mutation_6~mutation_8,05,mutation_6,mutation_8,3,0,0,0,0,0,2,0,0,0,0,0.6711111111111111,1
05/mutation_7~mutation_8,05,mutation_7,mutation_8,1,1,0,0,0,-5,0,0,0,0,0,0.80444444444444441,1
06/mutation_1~mutation_2,06,mutation_1,mutation_2,-10,-7,0,0,2,0,0,0,0,0,0,-0.64444444444444449,0
06/mutation_1~mutation_5,06,mutation_1,mutation_5,-8,-6,0,0,0,0,1,0,0,0,0,-0.38666666666666666,0
06/mutation_1~mutation_7,06,mutation_1,mutation_7,-6,-7,0,0,3,0,0,0,0,0,0,0.91111111111111109,1
06/mutation_1~mutation_8,06,mutation_1,mutation_8,-8,-6,0,0,0,0,0,0,0,0,0,1,1
06/mutation_2~mutation_3,06,mutation_2,mutation_3,3,0,0,0,-4,0,0,0,0,0,0,0.88444444444444448,1
06/mutation_2~mutation_4,06,mutation_2,mutation_4,0,0,2,0,-2,1,0,2,1,2,0,0.88444444444444448,1
06/mutation_2~mutation_5,06,mutation_2,mutation_5,2,1,0,0,-2,0,1,0,0,0,0,0.59999999999999998,1
06/mutation_2~mutation_6,06,mutation_2,mutation_6,2,-1,0,0,-1,0,1,0,0,0,0,0.90222222222222226,1
06/mutation_2~mutation_7,06,mutation_2,mutation_7,4,0,0,0,1,0,0,0,0,0,0,0.99111111111111116,1
06/mutation_2~mutation_8,06,mutation_2,mutation_8,2,1,0,0,-2,0,0,0,0,0,0,1,1
06/mutation_3~mutation_5,06,mutation_3,mutation_5,-1,1,0,0,2,0,1,0,0,0,0,-0.68000000000000005,0
06/mutation_3~mutation_6,06,mutation_3,mutation_6,-1,-1,0,0,3,0,1,0,0,0,0,-0.37777777777777777,0
06/mutation_3~mutation_7,06,mutation_3,mutation_7,1,0,0,0,5,0,0,0,0,0,0,0.88444444444444448,1
06/mutation_3~mutation_8,06,mutation_3,mutation_8,-1,1,0,0,2,0,0,0,0,0,0,1,1
06/mutation_4~mutation_5,06,mutation_4,mutation_5,2,1,-2,0,0,-1,1,-2,-1,-2,0,-0.78666666666666663,0
06/mutation_4~mutation_6,06,mutation_4,mutation_6,2,-1,-2,0,1,-1,1,-2,-1,-2,0,-0.49333333333333335,0
06/mutation_4~mutation_7,06,mutation_4,mutation_7,4,0,-2,0,3,-1,0,-2,-1,-2,0,0.87555555555555553,1
06/mutation_4~mutation_8,06,mutation_4,mutation_8,2,1,-2,0,0,-1,0,-2,-1,-2,0,1,1
06/mutation_5~mutation_6,06,mutation_5,mutation_6,0,-2,0,0,1,0,0,0,0,0,0,0.43111111111111111,1
06/mutation_5~mutation_7,06,mutation_5,mutation_7,2,-1,0,0,3,0,-1,0,0,0,0,0.92888888888888888,1
06/mutation_5~mutation_8,06,mutation_5,mutation_8,0,0,0,0,0,0,-1,0,0,0,0,1,1
06/mutation_6~mutation_7,06,mutation_6,mutation_7,2,1,0,0,2,0,-1,0,0,0,0,0.90222222222222226,1
06/mutation_6~mutation_8,06,mutation_6,mutation_8,0,2,0,0,-1,0,-1,0,0,0,0,1,1
06/mutation_7~mutation_8,06,mutation_7,mutation_8,-2,1,0,0,-3,0,0,0,0,0,0,1,1
07/mutation_1~mutation_2,07,mutation_1,mutation_2,-8,-5,0,0,1,0,0,0,0,0,0,-0.49333333333333335,0
07/mutation_1~mutation_4,07,mutation_1,mutation_4,-10,-7,0,0,0,0,0,2,0,0,0,0.46666666666666667,1
07/mutation_1~mutation_5,07,mutation_1,mutation_5,-10,-6,0,0,2,0,0,0,0,0,0,-0.83111111111111113,0
07/mutation_1~mutation_7,07,mutation_1,mutation_7,0,-5,0,0,0,0,0,0,0,0,0,0.93777777777777782,1
07/mutation_1~mutation_8,07,mutation_1,mutation_8,-5,-4,0,0,0,0,0,0,0,0,0,1,1
07/mutation_2~mutation_3,07,mutation_2,mutation_3,2,0,0,0,-1,0,0,0,0,3,0,0.77777777777777779,1
07/mutation_2~mutation_4,07,mutation_2,mutation_4,-2,-2,0,0,-1,0,0,2,0,0,0,0.75111111111111106,1
07/mutation_2~mutation_5,07,mutation_2,mutation_5,-2,-1,0,0,1,0,0,0,0,0,0,-0.90222222222222226,0
07/mutation_2~mutation_6,07,mutation_2,mutation_6,1,-1,0,0,-1,0,-1,0,0,0,0,0.69777777777777783,1
07/mutation_2~mutation_7,07,mutation_2,mutation_7,8,0,0,0,-1,0,0,0,0,0,0,1,1
07/mutation_2~mutation_8,07,mutation_2,mutation_8,3,1,0,0,-1,0,0,0,0,0,0,1,1
07/mutation_3~mutation_4,07,mutation_3,mutation_4,-4,-2,0,0,0,0,0,2,0,-3,0,0.33333333333333331,1
07/mutation_3~mutation_5,07,mutation_3,mutation_5,-4,-1,0,0,2,0,0,0,0,-3,0,-1,0
07/mutation_3~mutation_6,07,mutation_3,mutation_6,-1,-1,0,0,0,0,-1,0,0,-3,0,-0.36888888888888888,0
07/mutation_3~mutation_7,07,mutation_3,mutation_7,6,0,0,0,0,0,0,0,0,-3,0,0.87555555555555553,1
07/mutation_3~mutation_8,07,mutation_3,mutation_8,1,1,0,0,0,0,0,0,0,-3,0,1,1
07/mutation_4~mutation_5,07,mutation_4,mutation_5,0,1,0,0,2,0,0,-2,0,0,0,-0.98222222222222222,0
07/mutation_4~mutation_6,07,mutation_4,mutation_6,3,1,0,0,0,0,-1,-2,0,0,0,-0.47555555555555556,0
07/mutation_4~mutation_7,07,mutation_4,mutation_7,10,2,0,0,0,0,0,-2,0,0,0,0.74222222222222223,1
07/mutation_4~mutation_8,07,mutation_4,mutation_8,5,3,0,0,0,0,0,-2,0,0,0,1,1
07/mutation_5~mutation_6,07,mutation_5,mutation_6,3,0,0,0,-2,0,-1,0,0,0,0,0.99111111111111116,1
07/mutation_5~mutation_7,07,mutation_5,mutation_7,10,1,0,0,-2,0,0,0,0,0,0,1,1
07/mutation_5~mutation_8,07,mutation_5,mutation_8,5,2,0,0,-2,0,0,0,0,0,0,1,1
07/mutation_6~mutation_7,07,mutation_6,mutation_7,7,1,0,0,0,0,1,0,0,0,0,0.94666666666666666,1
07/mutation_6~mutation_8,07,mutation_6,mutation_8,2,2,0,0,0,0,1,0,0,0,0,1,1
07/mutation_7~mutation_8,07,mutation_7,mutation_8,-5,1,0,0,0,0,0,0,0,0,0,1,1
08/mutation_2~mutation_4,08,mutation_2,mutation_4,0,-1,0,0,0,0,0,2,0,1,0,0.5822222222222222,1
08/mutation_2~mutation_5,08,mutation_2,mutation_5,-2,1,0,0,1,0,2,0,0,1,0,-1,0
08/mutation_2~mutation_7,08,mutation_2,mutation_7,16,0,0,0,0,0,0,0,0,1,0,1,1
08/mutation_2~mutation_8,08,mutation_2,mutation_8,1,1,0,0,0,0,0,0,0,1,0,1,1
08/mutation_3~mutation_4,08,mutation_3,mutation_4,-2,-1,0,0,1,0,0,2,0,0,0,0.62666666666666671,1
08/mutation_3~mutation_5,08,mutation_3,mutation_5,-4,1,0,0,2,0,2,0,0,0,0,-1,0
08/mutation_3~mutation_7,08,mutation_3,mutation_7,14,0,0,0,1,0,0,0,0,0,0,1,1
08/mutation_3~mutation_8,08,mutation_3,mutation_8,-1,1,0,0,1,0,0,0,0,0,0,1,1
08/mutation_4~mutation_5,08,mutation_4,mutation_5,-2,2,0,0,1,0,2,-2,0,0,0,-1,0
08/mutation_4~mutation_7,08,mutation_4,mutation_7,16,1,0,0,0,0,0,-2,0,0,0,1,1
08/mutation_4~mutation_8,08,mutation_4,mutation_8,1,2,0,0,0,0,0,-2,0,0,0,1,1
08/mutation_5~mutation_7,08,mutation_5,mutation_7,18,-1,0,0,-1,0,-2,0,0,0,0,1,1
08/mutation_5~mutation_8,08,mutation_5,mutation_8,3,0,0,0,-1,0,-2,0,0,0,0,1,1
08/mutation_7~mutation_8,08,mutation_7,mutation_8,-15,1,0,0,0,0,0,0,0,0,0,-1,0
10/mutation_1~mutation_2,10,mutation_1,mutation_2,-11,-8,0,0,0,0,0,0,0,0,0,-0.40444444444444444,0
10/mutation_1~mutation_3,10,mutation_1,mutation_3,-8,-8,0,0,-2,0,1,0,0,2,0,-0.68888888888888888,0
10/mutation_1~mutation_5,10,mutation_1,mutation_5,-11,-6,-2,0,1,0,1,0,0,0,0,-0.51111111111111107,0
10/mutation_1~mutation_6,10,mutation_1,mutation_6,-14,-9,-2,0,0,0,-6,0,0,0,0,-0.54666666666666663,0
10/mutation_1~mutation_7,10,mutation_1,mutation_7,-7,-8,0,0,0,0,4,0,0,0,0,0.9555555555555556,1
10/mutation_1~mutation_8,10,mutation_1,mutation_8,-10,-7,0,0,0,0,0,0,0,0,0,0.63555555555555554,1
10/mutation_2~mutation_3,10,mutation_2,mutation_3,3,0,0,0,-2,0,1,0,0,2,0,-0.42222222222222222,0
10/mutation_2~mutation_7,10,mutation_2,mutation_7,4,0,0,0,0,0,4,0,0,0,0,0.97333333333333338,1
10/mutation_2~mutation_8,10,mutation_2,mutation_8,1,1,0,0,0,0,0,0,0,0,0,0.73333333333333328,1
10/mutation_3~mutation_4,10,mutation_3,mutation_4,-3,-6,0,0,2,0,1,0,0,-2,0,0.57333333333333336,1
10/mutation_3~mutation_5,10,mutation_3,mutation_5,-3,2,-2,0,3,0,0,0,0,-2,0,0.42222222222222222,1
10/mutation_3~mutation_7,10,mutation_3,mutation_7,1,0,0,0,2,0,3,0,0,-2,0,0.98222222222222222,1
10/mutation_3~mutation_8,10,mutation_3,mutation_8,-2,1,0,0,2,0,-1,0,0,-2,0,0.8666666666666667,1
10/mutation_4~mutation_5,10,mutation_4,mutation_5,0,8,-2,0,1,0,-1,0,0,0,0,-0.36888888888888888,0
10/mutation_4~mutation_6,10,mutation_4,mutation_6,-3,5,-2,0,0,0,-8,0,0,0,0,-0.46666666666666667,0
10/mutation_4~mutation_7,10,mutation_4,mutation_7,4,6,0,0,0,0,2,0,0,0,0,0.93777777777777782,1
10/mutation_4~mutation_8,10,mutation_4,mutation_8,1,7,0,0,0,0,-2,0,0,0,0,0.68000000000000005,1
10/mutation_5~mutation_7,10,mutation_5,mutation_7,4,-2,2,0,-1,0,3,0,0,0,0,0.98222222222222222,1
10/mutation_5~mutation_8,10,mutation_5,mutation_8,1,-1,2,0,-1,0,-1,0,0,0,0,0.76888888888888884,1
10/mutation_6~mutation_7,10,mutation_6,mutation_7,7,1,2,0,0,0,10,0,0,0,0,0.98222222222222222,1
10/mutation_6~mutation_8,10,mutation_6,mutation_8,4,2,2,0,0,0,6,0,0,0,0,0.80444444444444441,1
10/mutation_7~mutation_8,10,mutation_7,mutation_8,-3,1,0,0,0,0,-4,0,0,0,0,-0.8666666666666667,0
11/mutation_1~mutation_2,11,mutation_1,mutation_2,-6,-4,0,0,2,1,0,0,0,1,2,-0.68888888888888888,0
11/mutation_1~mutation_3,11,mutation_1,mutation_3,-4,-4,0,0,0,0,0,0,0,4,0,-0.33333333333333331,0
11/mutation_1~mutation_5,11,mutation_1,mutation_5,-1,-3,0,0,0,1,3,0,0,0,0,-0.43111111111111111,0
11/mutation_1~mutation_6,11,mutation_1,mutation_6,-4,-4,0,0,0,4,4,0,0,12,0,-0.52000000000000002,0
11/mutation_1~mutation_7,11,mutation_1,mutation_7,1,-3,0,0,0,0,0,0,0,0,0,1,1
11/mutation_2~mutation_3,11,mutation_2,mutation_3,2,0,0,0,-2,-1,0,0,0,3,-2,0.68888888888888888,1
11/mutation_2~mutation_5,11,mutation_2,mutation_5,5,1,0,0,-2,0,3,0,0,-1,-2,0.37777777777777777,1
11/mutation_2~mutation_6,11,mutation_2,mutation_6,2,0,0,0,-2,3,4,0,0,11,-2,0.33333333333333331,1
11/mutation_2~mutation_7,11,mutation_2,mutation_7,7,1,0,0,-2,-1,0,0,0,-1,-2,1,1
11/mutation_2~mutation_8,11,mutation_2,mutation_8,3,1,0,0,-2,-1,0,0,0,-1,-2,0.46666666666666667,1
11/mutation_3~mutation_7,11,mutation_3,mutation_7,5,1,0,0,0,0,0,0,0,-4,0,1,1
11/mutation_5~mutation_7,11,mutation_5,mutation_7,2,0,0,0,0,-1,-3,0,0,0,0,1,1
11/mutation_6~mutation_7,11,mutation_6,mutation_7,5,1,0,0,0,-4,-4,0,0,-12,0,1,1
11/mutation_6~mutation_8,11,mutation_6,mutation_8,1,1,0,0,0,-4,-4,0,0,-12,0,0.37777777777777777,1
11/mutation_7~mutation_8,11,mutation_7,mutation_8,-4,0,0,0,0,0,0,0,0,0,0,-1,0
12/mutation_1~mutation_3,12,mutation_1,mutation_3,1,-2,0,0,-3,0,2,0,0,3,1,1,1
12/mutation_1~mutation_4,12,mutation_1,mutation_4,-3,-2,0,0,0,0,1,1,0,0,0,-1,0
12/mutation_1~mutation_7,12,mutation_1,mutation_7,0,-2,0,0,0,0,0,0,0,0,0,1,1
12/mutation_1~mutation_8,12,mutation_1,mutation_8,-2,-1,0,0,0,0,0,0,0,0,0,1,1
12/mutation_2~mutation_3,12,mutation_2,mutation_3,3,0,0,0,-3,0,2,0,0,3,1,1,1
12/mutation_2~mutation_4,12,mutation_2,mutation_4,-1,0,0,0,0,0,1,1,0,0,0,-1,0
12/mutation_2~mutation_7,12,mutation_2,mutation_7,2,0,0,0,0,0,0,0,0,0,0,1,1
12/mutation_2~mutation_8,12,mutation_2,mutation_8,0,1,0,0,0,0,0,0,0,0,0,1,1
12/mutation_3~mutation_4,12,mutation_3,mutation_4,-4,0,0,0,3,0,-1,1,0,-3,-1,-1,0
12/mutation_3~mutation_5,12,mutation_3,mutation_5,2,0,0,0,3,3,-1,0,0,-3,-6,-1,0
12/mutation_3~mutation_6,12,mutation_3,mutation_6,1,0,0,0,3,2,-2,0,0,-3,-6,-1,0
12/mutation_3~mutation_7,12,mutation_3,mutation_7,-1,0,0,0,3,0,-2,0,0,-3,-1,-1,0
12/mutation_3~mutation_8,12,mutation_3,mutation_8,-3,1,0,0,3,0,-2,0,0,-3,-1,1,1
12/mutation_4~mutation_5,12,mutation_4,mutation_5,6,0,0,0,0,3,0,-1,0,0,-5,1,1
12/mutation_4~mutation_6,12,mutation_4,mutation_6,5,0,0,0,0,2,-1,-1,0,0,-5,1,1
12/mutation_4~mutation_7,12,mutation_4,mutation_7,3,0,0,0,0,0,-1,-1,0,0,0,1,1
12/mutation_4~mutation_8,12,mutation_4,mutation_8,1,1,0,0,0,0,-1,-1,0,0,0,1,1
12/mutation_5~mutation_6,12,mutation_5,mutation_6,-1,0,0,0,0,-1,-1,0,0,0,0,-0.46666666666666667,0
12/mutation_5~mutation_7,12,mutation_5,mutation_7,-3,0,0,0,0,-3,-1,0,0,0,5,1,1
12/mutation_5~mutation_8,12,mutation_5,mutation_8,-5,1,0,0,0,-3,-1,0,0,0,5,1,1
12/mutation_6~mutation_7,12,mutation_6,mutation_7,-2,0,0,0,0,-2,0,0,0,0,5,1,1
12/mutation_6~mutation_8,12,mutation_6,mutation_8,-4,1,0,0,0,-2,0,0,0,0,5,1,1
12/mutation_7~mutation_8,12,mutation_7,mutation_8,-2,1,0,0,0,0,0,0,0,0,0,1,1
13/mutation_1~mutation_2,13,mutation_1,mutation_2,-10,-6,0,1,0,0,-2,0,0,0,0,-1,0
13/mutation_1~mutation_3,13,mutation_1,mutation_3,16,3,0,0,-1,1,5,2,7,8,0,1,1
13/mutation_1~mutation_4,13,mutation_1,mutation_4,-6,-3,0,0,0,0,0,0,0,0,0,-0.47555555555555556,0
13/mutation_1~mutation_5,13,mutation_1,mutation_5,-5,-2,0,0,0,0,1,0,0,0,0,-0.35999999999999999,0
13/mutation_1~mutation_6,13,mutation_1,mutation_6,8,3,0,0,2,1,1,1,4,7,0,1,1
13/mutation_1~mutation_7,13,mutation_1,mutation_7,-6,-4,2,0,0,0,0,1,0,1,0,1,1
13/mutation_1~mutation_8,13,mutation_1,mutation_8,-5,-2,0,0,0,0,0,0,0,0,0,1,1
13/mutation_2~mutation_3,13,mutation_2,mutation_3,26,9,0,-1,-1,1,7,2,7,8,0,1,1
13/mutation_2~mutation_4,13,mutation_2,mutation_4,4,3,0,-1,0,0,2,0,0,0,0,1,1
13/mutation_2~mutation_5,13,mutation_2,mutation_5,5,4,0,-1,0,0,3,0,0,0,0,1,1
13/mutation_2~mutation_6,13,mutation_2,mutation_6,18,9,0,-1,2,1,3,1,4,7,0,1,1
13/mutation_2~mutation_7,13,mutation_2,mutation_7,4,2,2,-1,0,0,2,1,0,1,0,1,1
13/mutation_2~mutation_8,13,mutation_2,mutation_8,5,4,0,-1,0,0,2,0,0,0,0,1,1
13/mutation_3~mutation_4,13,mutation_3,mutation_4,-22,-6,0,0,1,-1,-5,-2,-7,-8,0,-1,0
13/mutation_3~mutation_5,13,mutation_3,mutation_5,-21,-5,0,0,1,-1,-4,-2,-7,-8,0,-1,0
13/mutation_3~mutation_6,13,mutation_3,mutation_6,-8,0,0,0,3,0,-4,-1,-3,-1,0,-0.97333333333333338,0
13/mutation_3~mutation_7,13,mutation_3,mutation_7,-22,-7,2,0,1,-1,-5,-1,-7,-7,0,-1,0
13/mutation_3~mutation_8,13,mutation_3,mutation_8,-21,-5,0,0,1,-1,-5,-2,-7,-8,0,-1,0
13/mutation_4~mutation_6,13,mutation_4,mutation_6,14,6,0,0,2,1,1,1,4,7,0,1,1
13/mutation_4~mutation_7,13,mutation_4,mutation_7,0,-1,2,0,0,0,0,1,0,1,0,1,1
13/mutation_4~mutation_8,13,mutation_4,mutation_8,1,1,0,0,0,0,0,0,0,0,0,1,1
13/mutation_5~mutation_6,13,mutation_5,mutation_6,13,5,0,0,2,1,0,1,4,7,0,1,1
13/mutation_5~mutation_7,13,mutation_5,mutation_7,-1,-2,2,0,0,0,-1,1,0,1,0,1,1
13/mutation_5~mutation_8,13,mutation_5,mutation_8,0,0,0,0,0,0,-1,0,0,0,0,1,1
13/mutation_6~mutation_7,13,mutation_6,mutation_7,-14,-7,2,0,-2,-1,-1,0,-4,-6,0,-1,0
13/mutation_6~mutation_8,13,mutation_6,mutation_8,-13,-5,0,0,-2,-1,-1,-1,-4,-7,0,-1,0
13/mutation_7~mutation_8,13,mutation_7,mutation_8,1,2,-2,0,0,0,0,-1,0,-1,0,-1,0
14/mutation_1~mutation_2,14,mutation_1,mutation_2,-12,-3,0,0,1,0,0,0,0,0,0,-0.43111111111111111,0
14/mutation_1~mutation_3,14,mutation_1,mutation_3,-11,-3,0,0,0,0,0,0,0,3,0,-0.5377777777777778,0
14/mutation_1~mutation_5,14,mutation_1,mutation_5,-13,-2,0,0,1,0,1,-1,-2,-2,0,-0.5822222222222222,0
14/mutation_1~mutation_7,14,mutation_1,mutation_7,-28,-7,0,0,0,5,0,0,0,0,17,1,1
14/mutation_2~mutation_7,14,mutation_2,mutation_7,-16,-4,0,0,-1,5,0,0,0,0,17,1,1
14/mutation_2~mutation_8,14,mutation_2,mutation_8,2,1,0,0,-1,0,0,0,0,0,0,0.76000000000000001,1
14/mutation_3~mutation_4,14,mutation_3,mutation_4,0,0,0,0,0,0,0,3,0,-3,0,0.40444444444444444,1
14/mutation_3~mutation_7,14,mutation_3,mutation_7,-17,-4,0,0,0,5,0,0,0,-3,17,1,1
14/mutation_3~mutation_8,14,mutation_3,mutation_8,1,1,0,0,0,0,0,0,0,-3,0,0.89333333333333331,1
14/mutation_4~mutation_5,14,mutation_4,mutation_5,-2,1,0,0,1,0,1,-4,-2,-2,0,-0.44,0
14/mutation_4~mutation_7,14,mutation_4,mutation_7,-17,-4,0,0,0,5,0,-3,0,0,17,1,1
14/mutation_4~mutation_8,14,mutation_4,mutation_8,1,1,0,0,0,0,0,-3,0,0,0,0.40444444444444444,1
14/mutation_5~mutation_7,14,mutation_5,mutation_7,-15,-5,0,0,-1,5,-1,1,2,2,17,1,1
14/mutation_5~mutation_8,14,mutation_5,mutation_8,3,0,0,0,-1,0,-1,1,2,2,0,0.82222222222222219,1
14/mutation_6~mutation_7,14,mutation_6,mutation_7,-13,-4,0,0,0,5,5,0,0,0,17,1,1
14/mutation_6~mutation_8,14,mutation_6,mutation_8,5,1,0,0,0,0,5,0,0,0,0,0.52000000000000002,1
14/mutation_7~mutation_8,14,mutation_7,mutation_8,18,5,0,0,0,-5,0,0,0,0,-17,-1,0
15/mutation_1~mutation_3,15,mutation_1,mutation_3,-3,-3,0,0,0,0,0,0,0,1,0,-0.79555555555555557,0
15/mutation_1~mutation_4,15,mutation_1,mutation_4,-2,-3,2,0,0,0,1,1,0,0,0,-0.52888888888888885,0
15/mutation_1~mutation_6,15,mutation_1,mutation_6,-2,-2,0,0,0,0,0,0,0,0,0,-0.56444444444444442,0
15/mutation_1~mutation_8,15,mutation_1,mutation_8,-2,-2,0,0,0,0,0,0,0,0,0,1,1
15/mutation_2~mutation_3,15,mutation_2,mutation_3,-1,-1,0,0,-1,0,0,0,0,1,0,-0.5377777777777778,0
15/mutation_2~mutation_6,15,mutation_2,mutation_6,0,0,0,0,-1,0,0,0,0,0,0,-0.39555555555555555,0
15/mutation_2~mutation_8,15,mutation_2,mutation_8,0,0,0,0,-1,0,0,0,0,0,0,1,1
15/mutation_3~mutation_4,15,mutation_3,mutation_4,1,0,2,0,0,0,1,1,0,-1,0,0.37777777777777777,1
15/mutation_3~mutation_7,15,mutation_3,mutation_7,1,1,0,0,3,0,0,0,0,-1,0,0.87555555555555553,1
15/mutation_3~mutation_8,15,mutation_3,mutation_8,1,1,0,0,0,0,0,0,0,-1,0,1,1
15/mutation_4~mutation_7,15,mutation_4,mutation_7,0,1,-2,0,3,0,-1,-1,0,0,0,0.68000000000000005,1
15/mutation_4~mutation_8,15,mutation_4,mutation_8,0,1,-2,0,0,0,-1,-1,0,0,0,1,1
15/mutation_6~mutation_7,15,mutation_6,mutation_7,0,0,0,0,3,0,0,0,0,0,0,0.76000000000000001,1
15/mutation_7~mutation_8,15,mutation_7,mutation_8,0,0,0,0,-3,0,0,0,0,0,0,1,1
16/mutation_1~mutation_3,16,mutation_1,mutation_3,0,-3,0,0,-3,0,0,0,0,5,0,0.66222222222222227,1
16/mutation_1~mutation_4,16,mutation_1,mutation_4,-3,-4,2,0,0,0,0,0,0,0,0,-0.45777777777777778,0
16/mutation_1~mutation_7,16,mutation_1,mutation_7,-2,-2,0,0,0,4,0,0,0,0,0,1,1
16/mutation_1~mutation_8,16,mutation_1,mutation_8,-2,-2,0,0,0,0,0,0,0,0,0,0.72444444444444445,1
16/mutation_2~mutation_3,16,mutation_2,mutation_3,6,0,0,0,-4,0,0,0,0,6,0,0.52000000000000002,1
16/mutation_2~mutation_7,16,mutation_2,mutation_7,4,1,0,0,-1,4,0,0,0,1,0,1,1
16/mutation_2~mutation_8,16,mutation_2,mutation_8,4,1,0,0,-1,0,0,0,0,1,0,0.54666666666666663,1
16/mutation_3~mutation_4,16,mutation_3,mutation_4,-3,-1,2,0,3,0,0,0,0,-5,0,-0.75111111111111106,0
16/mutation_3~mutation_5,16,mutation_3,mutation_5,-4,1,0,0,4,0,4,0,0,-6,0,-0.59111111111111114,0
16/mutation_3~mutation_7,16,mutation_3,mutation_7,-2,1,0,0,3,4,0,0,0,-5,0,1,1
16/mutation_4~mutation_5,16,mutation_4,mutation_5,-1,2,-2,0,1,0,4,0,0,-1,0,0.34222222222222221,1
16/mutation_4~mutation_7,16,mutation_4,mutation_7,1,2,-2,0,0,4,0,0,0,0,0,1,1
16/mutation_4~mutation_8,16,mutation_4,mutation_8,1,2,-2,0,0,0,0,0,0,0,0,0.76888888888888884,1
16/mutation_5~mutation_7,16,mutation_5,mutation_7,2,0,0,0,-1,4,-4,0,0,1,0,1,1
16/mutation_5~mutation_8,16,mutation_5,mutation_8,2,0,0,0,-1,0,-4,0,0,1,0,0.64444444444444449,1
16/mutation_7~mutation_8,16,mutation_7,mutation_8,0,0,0,0,0,-4,0,0,0,0,0,-1,0
17/mutation_1~mutation_2,17,mutation_1,mutation_2,-8,-3,0,0,0,0,0,0,-8,0,0,-0.35999999999999999,0
17/mutation_1~mutation_3,17,mutation_1,mutation_3,-8,-3,0,0,0,0,0,0,-8,16,0,-0.52888888888888885,0
17/mutation_1~mutation_5,17,mutation_1,mutation_5,11,4,0,0,2,-5,3,0,-6,-52,-69,-1,0
17/mutation_1~mutation_6,17,mutation_1,mutation_6,63,4,0,0,0,-5,0,0,54,0,-69,-0.36888888888888888,0
17/mutation_1~mutation_7,17,mutation_1,mutation_7,-8,-3,0,0,0,0,0,0,-8,24,24,1,1
17/mutation_1~mutation_8,17,mutation_1,mutation_8,-7,-2,0,0,0,0,0,0,-8,0,0,0.93777777777777782,1
17/mutation_2~mutation_5,17,mutation_2,mutation_5,19,7,0,0,2,-5,3,0,2,-52,-69,-1,0
17/mutation_2~mutation_7,17,mutation_2,mutation_7,0,0,0,0,0,0,0,0,0,24,24,1,1
17/mutation_2~mutation_8,17,mutation_2,mutation_8,1,1,0,0,0,0,0,0,0,0,0,0.89333333333333331,1
17/mutation_3~mutation_4,17,mutation_3,mutation_4,0,0,0,0,0,0,0,0,0,-16,0,0.35999999999999999,1
17/mutation_3~mutation_5,17,mutation_3,mutation_5,19,7,0,0,2,-5,3,0,2,-68,-69,-1,0
17/mutation_3~mutation_7,17,mutation_3,mutation_7,0,0,0,0,0,0,0,0,0,8,24,1,1
17/mutation_3~mutation_8,17,mutation_3,mutation_8,1,1,0,0,0,0,0,0,0,-16,0,0.99111111111111116,1
17/mutation_4~mutation_5,17,mutation_4,mutation_5,19,7,0,0,2,-5,3,0,2,-52,-69,-1,0
17/mutation_4~mutation_7,17,mutation_4,mutation_7,0,0,0,0,0,0,0,0,0,24,24,1,1
17/mutation_4~mutation_8,17,mutation_4,mutation_8,1,1,0,0,0,0,0,0,0,0,0,0.92000000000000004,1
17/mutation_5~mutation_6,17,mutation_5,mutation_6,52,0,0,0,-2,0,-3,0,60,52,0,1,1
17/mutation_5~mutation_7,17,mutation_5,mutation_7,-19,-7,0,0,-2,5,-3,0,-2,76,93,1,1
17/mutation_5~mutation_8,17,mutation_5,mutation_8,-18,-6,0,0,-2,5,-3,0,-2,52,69,1,1
17/mutation_6~mutation_7,17,mutation_6,mutation_7,-71,-7,0,0,0,5,0,0,-62,24,93,1,1
17/mutation_6~mutation_8,17,mutation_6,mutation_8,-70,-6,0,0,0,5,0,0,-62,0,69,0.9555555555555556,1
17/mutation_7~mutation_8,17,mutation_7,mutation_8,1,1,0,0,0,0,0,0,0,-24,-24,-0.98222222222222222,0
18/mutation_1~mutation_2,18,mutation_1,mutation_2,0,0,0,0,1,0,0,0,-4,0,-4,-0.91111111111111109,0
18/mutation_1~mutation_3,18,mutation_1,mutation_3,0,0,0,0,0,0,0,0,-3,8,-3,-0.92000000000000004,0
18/mutation_1~mutation_4,18,mutation_1,mutation_4,1,1,0,0,0,-2,-2,-1,-28,-17,-31,-1,0
18/mutation_1~mutation_5,18,mutation_1,mutation_5,32,19,0,0,0,-2,4,0,-26,0,-31,-0.76888888888888884,0
18/mutation_1~mutation_6,18,mutation_1,mutation_6,28,15,0,0,0,0,0,0,-3,0,-31,-0.81333333333333335,0
18/mutation_1~mutation_7,18,mutation_1,mutation_7,0,0,0,0,0,3,0,0,-3,0,-3,1,1
18/mutation_1~mutation_8,18,mutation_1,mutation_8,1,1,0,0,0,0,0,0,-3,0,-3,0.6711111111111111,1
18/mutation_2~mutation_4,18,mutation_2,mutation_4,1,1,0,0,-1,-2,-2,-1,-24,-17,-27,-1,0
18/mutation_2~mutation_6,18,mutation_2,mutation_6,28,15,0,0,-1,0,0,0,1,0,-27,-0.35999999999999999,0
18/mutation_2~mutation_7,18,mutation_2,mutation_7,0,0,0,0,-1,3,0,0,1,0,1,1,1
18/mutation_2~mutation_8,18,mutation_2,mutation_8,1,1,0,0,-1,0,0,0,1,0,1,1,1
18/mutation_3~mutation_4,18,mutation_3,mutation_4,1,1,0,0,0,-2,-2,-1,-25,-25,-28,-1,0
18/mutation_3~mutation_6,18,mutation_3,mutation_6,28,15,0,0,0,0,0,0,0,-8,-28,-0.3511111111111111,0
18/mutation_3~mutation_7,18,mutation_3,mutation_7,0,0,0,0,0,3,0,0,0,-8,0,1,1
18/mutation_3~mutation_8,18,mutation_3,mutation_8,1,1,0,0,0,0,0,0,0,-8,0,1,1
18/mutation_4~mutation_5,18,mutation_4,mutation_5,31,18,0,0,0,0,6,1,2,17,0,1,1
18/mutation_4~mutation_6,18,mutation_4,mutation_6,27,14,0,0,0,2,2,1,25,17,0,1,1
18/mutation_4~mutation_7,18,mutation_4,mutation_7,-1,-1,0,0,0,5,2,1,25,17,28,1,1
18/mutation_4~mutation_8,18,mutation_4,mutation_8,0,0,0,0,0,2,2,1,25,17,28,1,1
18/mutation_5~mutation_6,18,mutation_5,mutation_6,-4,-4,0,0,0,2,-4,0,23,0,0,-0.44,0
18/mutation_5~mutation_7,18,mutation_5,mutation_7,-32,-19,0,0,0,5,-4,0,23,0,28,1,1
18/mutation_5~mutation_8,18,mutation_5,mutation_8,-31,-18,0,0,0,2,-4,0,23,0,28,1,1
18/mutation_6~mutation_7,18,mutation_6,mutation_7,-28,-15,0,0,0,3,0,0,0,0,28,1,1
18/mutation_6~mutation_8,18,mutation_6,mutation_8,-27,-14,0,0,0,0,0,0,0,0,28,1,1
18/mutation_7~mutation_8,18,mutation_7,mutation_8,1,1,0,0,0,-3,0,0,0,0,0,-1,0
19/mutation_1~mutation_2,19,mutation_1,mutation_2,-7,-7,0,0,0,0,0,0,0,-1,0,-0.92000000000000004,0
19/mutation_1~mutation_3,19,mutation_1,mutation_3,-7,-7,0,0,0,0,0,0,0,0,0,-0.83111111111111113,0
19/mutation_1~mutation_5,19,mutation_1,mutation_5,-4,-6,0,0,0,0,3,0,0,0,0,-0.8666666666666667,0
19/mutation_1~mutation_6,19,mutation_1,mutation_6,-7,-7,0,0,0,0,0,0,0,0,0,-0.82222222222222219,0
19/mutation_1~mutation_7,19,mutation_1,mutation_7,-2,-6,0,0,0,0,0,0,0,0,0,1,1
19/mutation_1~mutation_8,19,mutation_1,mutation_8,-6,-6,0,0,0,0,0,0,0,0,0,0.89333333333333331,1
19/mutation_2~mutation_4,19,mutation_2,mutation_4,1,1,2,0,0,0,0,1,1,1,0,0.87555555555555553,1
19/mutation_2~mutation_7,19,mutation_2,mutation_7,5,1,0,0,0,0,0,0,0,1,0,1,1
19/mutation_2~mutation_8,19,mutation_2,mutation_8,1,1,0,0,0,0,0,0,0,1,0,1,1
19/mutation_3~mutation_4,19,mutation_3,mutation_4,1,1,2,0,0,0,0,1,1,0,0,0.80444444444444441,1
19/mutation_3~mutation_7,19,mutation_3,mutation_7,5,1,0,0,0,0,0,0,0,0,0,1,1
19/mutation_3~mutation_8,19,mutation_3,mutation_8,1,1,0,0,0,0,0,0,0,0,0,0.92888888888888888,1
19/mutation_4~mutation_5,19,mutation_4,mutation_5,2,0,-2,0,0,0,3,-1,-1,0,0,-0.82222222222222219,0
19/mutation_4~mutation_6,19,mutation_4,mutation_6,-1,-1,-2,0,0,0,0,-1,-1,0,0,-0.81333333333333335,0
19/mutation_4~mutation_7,19,mutation_4,mutation_7,4,0,-2,0,0,0,0,-1,-1,0,0,1,1
19/mutation_4~mutation_8,19,mutation_4,mutation_8,0,0,-2,0,0,0,0,-1,-1,0,0,0.79555555555555557,1
19/mutation_5~mutation_7,19,mutation_5,mutation_7,2,0,0,0,0,0,-3,0,0,0,0,1,1
19/mutation_5~mutation_8,19,mutation_5,mutation_8,-2,0,0,0,0,0,-3,0,0,0,0,0.92888888888888888,1
19/mutation_6~mutation_7,19,mutation_6,mutation_7,5,1,0,0,0,0,0,0,0,0,0,1,1
19/mutation_6~mutation_8,19,mutation_6,mutation_8,1,1,0,0,0,0,0,0,0,0,0,1,1
19/mutation_7~mutation_8,19,mutation_7,mutation_8,-4,0,0,0,0,0,0,0,0,0,0,-1,0
20/mutation_1~mutation_2,20,mutation_1,mutation_2,-3,-3,0,0,1,0,0,0,0,-3,-5,-0.92000000000000004,0
20/mutation_1~mutation_3,20,mutation_1,mutation_3,-3,-3,0,0,0,0,0,0,0,5,-4,-0.3511111111111111,0
20/mutation_1~mutation_5,20,mutation_1,mutation_5,-2,-2,0,0,1,-1,1,0,0,-2,-6,-0.8666666666666667,0
20/mutation_1~mutation_7,20,mutation_1,mutation_7,-2,-2,0,0,0,3,0,0,0,0,-4,0.76888888888888884,1
20/mutation_1~mutation_8,20,mutation_1,mutation_8,-2,-2,0,0,0,0,0,0,0,0,-4,1,1
20/mutation_2~mutation_3,20,mutation_2,mutation_3,0,0,0,0,-1,0,0,0,0,8,1,0.85777777777777775,1
20/mutation_2~mutation_4,20,mutation_2,mutation_4,2,2,2,0,-1,-1,0,1,1,1,-1,0.96444444444444444,1
20/mutation_2~mutation_6,20,mutation_2,mutation_6,2,2,0,0,-1,-1,0,0,0,3,-1,0.87555555555555553,1
20/mutation_2~mutation_7,20,mutation_2,mutation_7,1,1,0,0,-1,3,0,0,0,3,1,1,1
20/mutation_2~mutation_8,20,mutation_2,mutation_8,1,1,0,0,-1,0,0,0,0,3,1,1,1
20/mutation_3~mutation_4,20,mutation_3,mutation_4,2,2,2,0,0,-1,0,1,1,-7,-2,0.56444444444444442,1
20/mutation_3~mutation_5,20,mutation_3,mutation_5,1,1,0,0,1,-1,1,0,0,-7,-2,-0.76888888888888884,0
20/mutation_3~mutation_7,20,mutation_3,mutation_7,1,1,0,0,0,3,0,0,0,-5,0,0.92888888888888888,1
20/mutation_3~mutation_8,20,mutation_3,mutation_8,1,1,0,0,0,0,0,0,0,-5,0,1,1
20/mutation_4~mutation_5,20,mutation_4,mutation_5,-1,-1,-2,0,1,0,1,-1,-1,0,0,-0.9555555555555556,0
20/mutation_4~mutation_6,20,mutation_4,mutation_6,0,0,-2,0,0,0,0,-1,-1,2,0,-0.33333333333333331,0
20/mutation_4~mutation_7,20,mutation_4,mutation_7,-1,-1,-2,0,0,4,0,-1,-1,2,2,0.68888888888888888,1
20/mutation_4~mutation_8,20,mutation_4,mutation_8,-1,-1,-2,0,0,1,0,-1,-1,2,2,1,1
20/mutation_5~mutation_6,20,mutation_5,mutation_6,1,1,0,0,-1,0,-1,0,0,2,0,0.81333333333333335,1
20/mutation_5~mutation_7,20,mutation_5,mutation_7,0,0,0,0,-1,4,-1,0,0,2,2,1,1
20/mutation_5~mutation_8,20,mutation_5,mutation_8,0,0,0,0,-1,1,-1,0,0,2,2,1,1
20/mutation_6~mutation_7,20,mutation_6,mutation_7,-1,-1,0,0,0,4,0,0,0,0,2,0.81333333333333335,1
20/mutation_6~mutation_8,20,mutation_6,mutation_8,-1,-1,0,0,0,1,0,0,0,0,2,1,1
20/mutation_7~mutation_8,20,mutation_7,mutation_8,0,0,0,0,0,-3,0,0,0,0,0,1,1
21/mutation_1~mutation_2,21,mutation_1,mutation_2,-4,0,0,0,1,-4,0,0,-4,0,0,-0.46666666666666667,0
21/mutation_1~mutation_4,21,mutation_1,mutation_4,-3,0,0,0,0,-3,1,0,-3,0,0,-0.59999999999999998,0
21/mutation_1~mutation_6,21,mutation_1,mutation_6,12,2,0,0,0,-9,17,0,2,0,0,-0.59111111111111114,0
21/mutation_1~mutation_7,21,mutation_1,mutation_7,0,0,0,0,0,1,2,0,-3,3,0,0.99111111111111116,1
21/mutation_1~mutation_8,21,mutation_1,mutation_8,-2,1,0,0,0,-4,0,0,-3,0,0,1,1
21/mutation_2~mutation_7,21,mutation_2,mutation_7,4,0,0,0,-1,5,2,0,1,3,0,1,1
21/mutation_2~mutation_8,21,mutation_2,mutation_8,2,1,0,0,-1,0,0,0,1,0,0,1,1
21/mutation_3~mutation_7,21,mutation_3,mutation_7,3,0,0,0,0,5,2,0,0,3,0,1,1
21/mutation_3~mutation_8,21,mutation_3,mutation_8,1,1,0,0,0,0,0,0,0,0,0,1,1
21/mutation_4~mutation_5,21,mutation_4,mutation_5,2,2,0,0,1,-6,4,0,-13,-4,0,0.43111111111111111,1
21/mutation_4~mutation_7,21,mutation_4,mutation_7,3,0,0,0,0,4,1,0,0,3,0,1,1
21/mutation_4~mutation_8,21,mutation_4,mutation_8,1,1,0,0,0,-1,-1,0,0,0,0,1,1
21/mutation_5~mutation_6,21,mutation_5,mutation_6,13,0,0,0,-1,0,12,0,18,4,0,-0.36888888888888888,0
21/mutation_5~mutation_7,21,mutation_5,mutation_7,1,-2,0,0,-1,10,-3,0,13,7,0,1,1
21/mutation_5~mutation_8,21,mutation_5,mutation_8,-1,-1,0,0,-1,5,-5,0,13,4,0,1,1
21/mutation_6~mutation_7,21,mutation_6,mutation_7,-12,-2,0,0,0,10,-15,0,-5,3,0,1,1
21/mutation_6~mutation_8,21,mutation_6,mutation_8,-14,-1,0,0,0,5,-17,0,-5,0,0,1,1
21/mutation_7~mutation_8,21,mutation_7,mutation_8,-2,1,0,0,0,-5,-2,0,0,-3,0,1,1
22/mutation_1~mutation_2,22,mutation_1,mutation_2,-15,-6,0,0,1,0,0,0,-1,0,-1,-0.43111111111111111,0
22/mutation_1~mutation_3,22,mutation_1,mutation_3,-15,-6,0,0,0,0,0,0,0,6,0,-0.38666666666666666,0
22/mutation_1~mutation_4,22,mutation_1,mutation_4,-14,-5,-2,0,0,0,0,0,0,0,0,-0.49333333333333335,0
22/mutation_1~mutation_7,22,mutation_1,mutation_7,-15,-6,0,0,0,3,0,0,0,0,0,-1,0
22/mutation_1~mutation_8,22,mutation_1,mutation_8,-14,-5,0,0,0,0,0,0,0,0,0,1,1
22/mutation_2~mutation_5,22,mutation_2,mutation_5,71,12,0,0,-1,12,6,0,1,0,-64,0.61777777777777776,1
22/mutation_2~mutation_7,22,mutation_2,mutation_7,0,0,0,0,-1,3,0,0,1,0,1,-1,0
22/mutation_2~mutation_8,22,mutation_2,mutation_8,1,1,0,0,-1,0,0,0,1,0,1,1,1
22/mutation_3~mutation_5,22,mutation_3,mutation_5,71,12,0,0,0,12,6,0,0,-6,-65,0.52000000000000002,1
22/mutation_3~mutation_7,22,mutation_3,mutation_7,0,0,0,0,0,3,0,0,0,-6,0,-1,0
22/mutation_3~mutation_8,22,mutation_3,mutation_8,1,1,0,0,0,0,0,0,0,-6,0,1,1
22/mutation_4~mutation_5,22,mutation_4,mutation_5,70,11,2,0,0,12,6,0,0,0,-65,0.62666666666666671,1
22/mutation_4~mutation_6,22,mutation_4,mutation_6,64,5,2,0,0,12,0,0,0,0,-65,0.35999999999999999,1
22/mutation_4~mutation_7,22,mutation_4,mutation_7,-1,-1,2,0,0,3,0,0,0,0,0,-1,0
22/mutation_4~mutation_8,22,mutation_4,mutation_8,0,0,2,0,0,0,0,0,0,0,0,1,1
22/mutation_5~mutation_6,22,mutation_5,mutation_6,-6,-6,0,0,0,0,-6,0,0,0,0,-0.35999999999999999,0
22/mutation_5~mutation_7,22,mutation_5,mutation_7,-71,-12,0,0,0,-9,-6,0,0,0,65,-1,0
22/mutation_5~mutation_8,22,mutation_5,mutation_8,-70,-11,0,0,0,-12,-6,0,0,0,65,0.98222222222222222,1
22/mutation_6~mutation_7,22,mutation_6,mutation_7,-65,-6,0,0,0,-9,0,0,0,0,65,-1,0
22/mutation_6~mutation_8,22,mutation_6,mutation_8,-64,-5,0,0,0,-12,0,0,0,0,65,0.96444444444444444,1
22/mutation_7~mutation_8,22,mutation_7,mutation_8,1,1,0,0,0,-3,0,0,0,0,0,1,1
23/mutation_1~mutation_2,23,mutation_1,mutation_2,0,0,0,0,6,0,0,0,0,-3,-37,-0.74222222222222223,0
23/mutation_1~mutation_3,23,mutation_1,mutation_3,0,0,0,0,0,0,0,0,0,6,-29,-0.38666666666666666,0
23/mutation_1~mutation_4,23,mutation_1,mutation_4,1,1,0,0,0,-2,-4,1,0,-40,-75,0.68000000000000005,1
23/mutation_1~mutation_6,23,mutation_1,mutation_6,56,11,0,0,0,-2,0,0,0,0,-81,-0.42222222222222222,0
23/mutation_2~mutation_3,23,mutation_2,mutation_3,0,0,0,0,-6,0,0,0,0,9,8,0.39555555555555555,1
23/mutation_2~mutation_4,23,mutation_2,mutation_4,1,1,0,0,-6,-2,-4,1,0,-37,-38,0.96444444444444444,1
23/mutation_2~mutation_5,23,mutation_2,mutation_5,54,11,0,0,-6,-2,4,0,0,3,-42,0.59999999999999998,1
23/mutation_2~mutation_6,23,mutation_2,mutation_6,56,11,0,0,-6,-2,0,0,0,3,-44,0.50222222222222224,1
23/mutation_2~mutation_7,23,mutation_2,mutation_7,0,0,0,0,-6,3,0,0,0,3,8,0.76888888888888884,1
23/mutation_2~mutation_8,23,mutation_2,mutation_8,1,1,0,0,-6,0,0,0,0,3,8,0.82222222222222219,1
23/mutation_3~mutation_4,23,mutation_3,mutation_4,1,1,0,0,0,-2,-4,1,0,-46,-46,0.70666666666666667,1
23/mutation_3~mutation_7,23,mutation_3,mutation_7,0,0,0,0,0,3,0,0,0,-6,0,0.37777777777777777,1
23/mutation_3~mutation_8,23,mutation_3,mutation_8,1,1,0,0,0,0,0,0,0,-6,0,0.44888888888888889,1
23/mutation_4~mutation_5,23,mutation_4,mutation_5,53,10,0,0,0,0,8,-1,0,40,-4,-0.65333333333333332,0
23/mutation_4~mutation_6,23,mutation_4,mutation_6,55,10,0,0,0,0,4,-1,0,40,-6,-0.9555555555555556,0
23/mutation_4~mutation_7,23,mutation_4,mutation_7,-1,-1,0,0,0,5,4,-1,0,40,46,-0.80444444444444441,0
23/mutation_4~mutation_8,23,mutation_4,mutation_8,0,0,0,0,0,2,4,-1,0,40,46,-0.44888888888888889,0
23/mutation_6~mutation_7,23,mutation_6,mutation_7,-56,-11,0,0,0,5,0,0,0,0,52,0.52000000000000002,1
23/mutation_6~mutation_8,23,mutation_6,mutation_8,-55,-10,0,0,0,2,0,0,0,0,52,0.65333333333333332,1
24/mutation_1~mutation_2,24,mutation_1,mutation_2,-4,-4,0,0,0,0,0,0,0,0,0,-0.48444444444444446,0
24/mutation_1~mutation_4,24,mutation_1,mutation_4,-4,-4,0,0,0,0,1,0,0,0,0,-0.39555555555555555,0
24/mutation_1~mutation_5,24,mutation_1,mutation_5,-1,0,0,0,1,-1,1,0,-2,-1,-4,-0.41333333333333333,0
24/mutation_1~mutation_7,24,mutation_1,mutation_7,-6,-6,0,0,0,4,0,0,0,0,3,1,1
24/mutation_1~mutation_8,24,mutation_1,mutation_8,-3,-3,0,0,0,0,0,0,0,0,0,1,1
24/mutation_2~mutation_6,24,mutation_2,mutation_6,4,4,0,0,0,-1,0,0,0,0,-4,0.41333333333333333,1
24/mutation_2~mutation_7,24,mutation_2,mutation_7,-2,-2,0,0,0,4,0,0,0,0,3,1,1
24/mutation_2~mutation_8,24,mutation_2,mutation_8,1,1,0,0,0,0,0,0,0,0,0,1,1
24/mutation_3~mutation_5,24,mutation_3,mutation_5,3,4,0,0,1,-1,1,0,-2,-1,-4,-0.35999999999999999,0
24/mutation_3~mutation_7,24,mutation_3,mutation_7,-2,-2,0,0,0,4,0,0,0,0,3,1,1
24/mutation_3~mutation_8,24,mutation_3,mutation_8,1,1,0,0,0,0,0,0,0,0,0,1,1
24/mutation_4~mutation_6,24,mutation_4,mutation_6,4,4,0,0,0,-1,-1,0,0,0,-4,0.33333333333333331,1
24/mutation_4~mutation_7,24,mutation_4,mutation_7,-2,-2,0,0,0,4,-1,0,0,0,3,1,1
24/mutation_4~mutation_8,24,mutation_4,mutation_8,1,1,0,0,0,0,-1,0,0,0,0,1,1
24/mutation_5~mutation_6,24,mutation_5,mutation_6,1,0,0,0,-1,0,-1,0,2,1,0,0.44888888888888889,1
24/mutation_5~mutation_7,24,mutation_5,mutation_7,-5,-6,0,0,-1,5,-1,0,2,1,7,1,1
24/mutation_5~mutation_8,24,mutation_5,mutation_8,-2,-3,0,0,-1,1,-1,0,2,1,4,1,1
24/mutation_6~mutation_7,24,mutation_6,mutation_7,-6,-6,0,0,0,5,0,0,0,0,7,1,1
24/mutation_6~mutation_8,24,mutation_6,mutation_8,-3,-3,0,0,0,1,0,0,0,0,4,1,1
24/mutation_7~mutation_8,24,mutation_7,mutation_8,3,3,0,0,0,-4,0,0,0,0,-3,-1,0
25/mutation_1~mutation_7,25,mutation_1,mutation_7,1,-2,0,0,0,0,0,0,0,0,0,0.60888888888888892,1
25/mutation_1~mutation_8,25,mutation_1,mutation_8,-2,-2,0,0,0,0,0,0,0,0,0,1,1
25/mutation_2~mutation_6,25,mutation_2,mutation_6,-3,-3,0,0,0,0,-1,0,0,0,0,-0.33333333333333331,0
25/mutation_2~mutation_7,25,mutation_2,mutation_7,2,-1,0,0,0,0,0,0,0,0,0,0.68888888888888888,1
25/mutation_2~mutation_8,25,mutation_2,mutation_8,-1,-1,0,0,0,0,0,0,0,0,0,1,1
25/mutation_3~mutation_7,25,mutation_3,mutation_7,4,1,0,0,0,0,0,0,0,0,0,0.69777777777777783,1
25/mutation_3~mutation_8,25,mutation_3,mutation_8,1,1,0,0,0,0,0,0,0,0,0,1,1
25/mutation_4~mutation_6,25,mutation_4,mutation_6,-2,-1,-2,0,0,0,-2,-1,0,0,0,-0.34222222222222221,0
25/mutation_4~mutation_7,25,mutation_4,mutation_7,3,1,-2,0,0,0,-1,-1,0,0,0,0.54666666666666663,1
25/mutation_4~mutation_8,25,mutation_4,mutation_8,0,1,-2,0,0,0,-1,-1,0,0,0,1,1
25/mutation_5~mutation_7,25,mutation_5,mutation_7,3,0,0,0,0,0,-1,0,0,0,0,0.7155555555555555,1
25/mutation_5~mutation_8,25,mutation_5,mutation_8,0,0,0,0,0,0,-1,0,0,0,0,1,1
25/mutation_6~mutation_7,25,mutation_6,mutation_7,5,2,0,0,0,0,1,0,0,0,0,0.69777777777777783,1
25/mutation_6~mutation_8,25,mutation_6,mutation_8,2,2,0,0,0,0,1,0,0,0,0,1,1
25/mutation_7~mutation_8,25,mutation_7,mutation_8,-3,0,0,0,0,0,0,0,0,0,0,1,1
26/mutation_1~mutation_2,26,mutation_1,mutation_2,-3,-3,0,0,0,0,0,0,-3,0,0,-0.96444444444444444,0
26/mutation_1~mutation_4,26,mutation_1,mutation_4,-6,-6,1,0,0,-2,0,1,-7,0,4,-1,0
26/mutation_1~mutation_7,26,mutation_1,mutation_7,-5,-5,0,0,0,3,0,0,-7,0,4,1,1
26/mutation_2~mutation_3,26,mutation_2,mutation_3,1,1,0,0,0,0,1,0,-3,-1,0,0.92000000000000004,1
26/mutation_2~mutation_4,26,mutation_2,mutation_4,-3,-3,1,0,0,-2,0,1,-4,0,4,-1,0
26/mutation_2~mutation_6,26,mutation_2,mutation_6,2,0,0,0,0,-2,0,0,2,0,0,0.76000000000000001,1
26/mutation_2~mutation_7,26,mutation_2,mutation_7,-2,-2,0,0,0,3,0,0,-4,0,4,1,1
26/mutation_2~mutation_8,26,mutation_2,mutation_8,1,1,0,0,0,0,0,0,0,0,0,0.9555555555555556,1
26/mutation_3~mutation_4,26,mutation_3,mutation_4,-4,-4,1,0,0,-2,-1,1,-1,1,4,-1,0
26/mutation_3~mutation_7,26,mutation_3,mutation_7,-3,-3,0,0,0,3,-1,0,-1,1,4,1,1
26/mutation_3~mutation_8,26,mutation_3,mutation_8,0,0,0,0,0,0,-1,0,3,1,0,0.36888888888888888,1
26/mutation_4~mutation_6,26,mutation_4,mutation_6,5,3,-1,0,0,0,0,-1,6,0,-4,1,1
26/mutation_4~mutation_7,26,mutation_4,mutation_7,1,1,-1,0,0,5,0,-1,0,0,0,1,1
26/mutation_4~mutation_8,26,mutation_4,mutation_8,4,4,-1,0,0,2,0,-1,4,0,-4,1,1
26/mutation_6~mutation_7,26,mutation_6,mutation_7,-4,-2,0,0,0,5,0,0,-6,0,4,1,1
26/mutation_6~mutation_8,26,mutation_6,mutation_8,-1,1,0,0,0,2,0,0,-2,0,0,0.38666666666666666,1
26/mutation_7~mutation_8,26,mutation_7,mutation_8,3,3,0,0,0,-3,0,0,4,0,-4,-1,0
27/mutation_1~mutation_3,27,mutation_1,mutation_3,-5,-5,0,0,0,0,0,0,0,3,0,-0.78666666666666663,0
27/mutation_1~mutation_4,27,mutation_1,mutation_4,-10,-5,0,0,0,1,1,1,5,0,5,-0.78666666666666663,0
27/mutation_1~mutation_5,27,mutation_1,mutation_5,-1,-4,0,0,0,0,4,0,0,0,0,-0.84888888888888892,0
27/mutation_1~mutation_6,27,mutation_1,mutation_6,-7,-6,0,0,0,0,-5,0,0,0,0,-0.90222222222222226,0
27/mutation_1~mutation_7,27,mutation_1,mutation_7,3,-5,0,0,0,0,0,0,0,0,0,1,1
27/mutation_1~mutation_8,27,mutation_1,mutation_8,-4,-4,0,0,0,0,0,0,0,0,0,-0.87555555555555553,0
27/mutation_3~mutation_7,27,mutation_3,mutation_7,8,0,0,0,0,0,0,0,0,-3,0,1,1
27/mutation_4~mutation_7,27,mutation_4,mutation_7,13,0,0,0,0,-1,-1,-1,-5,0,-5,1,1
27/mutation_4~mutation_8,27,mutation_4,mutation_8,6,1,0,0,0,-1,-1,-1,-5,0,-5,0.43111111111111111,1
27/mutation_5~mutation_7,27,mutation_5,mutation_7,4,-1,0,0,0,0,-4,0,0,0,0,1,1
27/mutation_5~mutation_8,27,mutation_5,mutation_8,-3,0,0,0,0,0,-4,0,0,0,0,0.51111111111111107,1
27/mutation_6~mutation_7,27,mutation_6,mutation_7,10,1,0,0,0,0,5,0,0,0,0,1,1
27/mutation_6~mutation_8,27,mutation_6,mutation_8,3,2,0,0,0,0,5,0,0,0,0,0.44888888888888889,1
27/mutation_7~mutation_8,27,mutation_7,mutation_8,-7,1,0,0,0,0,0,0,0,0,0,-1,0
28/mutation_1~mutation_2,28,mutation_1,mutation_2,-7,-2,0,0,0,0,0,0,0,0,0,-0.45777777777777778,0
28/mutation_1~mutation_6,28,mutation_1,mutation_6,-1,-1,0,0,0,3,0,0,0,0,-5,-0.38666666666666666,0
28/mutation_1~mutation_7,28,mutation_1,mutation_7,-7,-2,0,0,4,0,0,0,0,0,0,-0.33333333333333331,0
28/mutation_2~mutation_3,28,mutation_2,mutation_3,3,0,0,0,-2,0,2,0,0,4,1,0.45777777777777778,1
28/mutation_2~mutation_5,28,mutation_2,mutation_5,9,0,0,0,0,2,4,0,0,0,-5,0.33333333333333331,1
28/mutation_2~mutation_8,28,mutation_2,mutation_8,1,1,0,0,0,0,0,0,0,0,0,0.54666666666666663,1
28/mutation_3~mutation_6,28,mutation_3,mutation_6,3,1,0,0,2,3,-2,0,0,-4,-6,-0.36888888888888888,0
28/mutation_6~mutation_8,28,mutation_6,mutation_8,-5,0,0,0,0,-3,0,0,0,0,5,0.44,1
28/mutation_7~mutation_8,28,mutation_7,mutation_8,1,1,0,0,-4,0,0,0,0,0,0,0.38666666666666666,1
29/mutation_1~mutation_5,29,mutation_1,mutation_5,3,-2,0,0,0,-2,3,0,0,0,-3,-0.3511111111111111,0
29/mutation_1~mutation_6,29,mutation_1,mutation_6,0,-3,0,0,2,-2,0,0,0,0,-3,-0.98222222222222222,0
29/mutation_1~mutation_7,29,mutation_1,mutation_7,-8,-8,0,0,0,3,0,0,0,0,4,1,1
29/mutation_1~mutation_8,29,mutation_1,mutation_8,-3,-3,0,0,0,0,0,0,0,0,0,0.5377777777777778,1
29/mutation_2~mutation_6,29,mutation_2,mutation_6,2,-1,0,0,2,-2,0,0,0,0,-4,-0.93777777777777782,0
29/mutation_2~mutation_7,29,mutation_2,mutation_7,-6,-6,0,0,0,3,0,0,0,0,3,1,1
29/mutation_2~mutation_8,29,mutation_2,mutation_8,-1,-1,0,0,0,0,0,0,0,0,-1,0.49333333333333335,1
29/mutation_3~mutation_6,29,mutation_3,mutation_6,4,1,0,0,2,-2,0,0,0,-10,-3,-0.83111111111111113,0
29/mutation_3~mutation_7,29,mutation_3,mutation_7,-4,-4,0,0,0,3,0,0,0,-10,4,1,1
29/mutation_3~mutation_8,29,mutation_3,mutation_8,1,1,0,0,0,0,0,0,0,-10,0,0.63555555555555554,1
29/mutation_4~mutation_6,29,mutation_4,mutation_6,6,3,-2,0,2,0,-2,-1,0,0,0,-0.91111111111111109,0
29/mutation_4~mutation_7,29,mutation_4,mutation_7,-2,-2,-2,0,0,5,-2,-1,0,0,7,1,1
29/mutation_4~mutation_8,29,mutation_4,mutation_8,3,3,-2,0,0,2,-2,-1,0,0,3,0.47555555555555556,1
29/mutation_5~mutation_6,29,mutation_5,mutation_6,-3,-1,0,0,2,0,-3,0,0,0,0,-0.82222222222222219,0
29/mutation_5~mutation_7,29,mutation_5,mutation_7,-11,-6,0,0,0,5,-3,0,0,0,7,1,1
29/mutation_5~mutation_8,29,mutation_5,mutation_8,-6,-1,0,0,0,2,-3,0,0,0,3,0.75111111111111106,1
29/mutation_6~mutation_7,29,mutation_6,mutation_7,-8,-5,0,0,-2,5,0,0,0,0,7,1,1
29/mutation_6~mutation_8,29,mutation_6,mutation_8,-3,0,0,0,-2,2,0,0,0,0,3,1,1
29/mutation_7~mutation_8,29,mutation_7,mutation_8,5,5,0,0,0,-3,0,0,0,0,-4,-1,0
30/mutation_1~mutation_2,30,mutation_1,mutation_2,-8,-4,0,0,1,0,0,0,0,0,0,-1,0
30/mutation_1~mutation_3,30,mutation_1,mutation_3,-4,-2,0,0,0,0,0,0,0,0,0,-0.41333333333333333,0
30/mutation_1~mutation_5,30,mutation_1,mutation_5,-5,-3,0,0,0,0,2,0,0,0,0,-0.50222222222222224,0
30/mutation_1~mutation_6,30,mutation_1,mutation_6,-6,-3,0,0,0,11,0,0,0,0,0,-0.69777777777777783,0
30/mutation_1~mutation_8,30,mutation_1,mutation_8,-6,-3,0,0,0,11,0,0,0,0,0,1,1
30/mutation_2~mutation_3,30,mutation_2,mutation_3,4,2,0,0,-1,0,0,0,0,0,0,1,1
30/mutation_2~mutation_4,30,mutation_2,mutation_4,3,1,0,0,-1,0,0,0,0,0,0,1,1
30/mutation_2~mutation_5,30,mutation_2,mutation_5,3,1,0,0,-1,0,2,0,0,0,0,1,1
30/mutation_2~mutation_6,30,mutation_2,mutation_6,2,1,0,0,-1,11,0,0,0,0,0,1,1
30/mutation_2~mutation_7,30,mutation_2,mutation_7,6,1,0,0,-1,6,6,0,0,0,0,1,1
30/mutation_2~mutation_8,30,mutation_2,mutation_8,2,1,0,0,-1,11,0,0,0,0,0,1,1
30/mutation_3~mutation_8,30,mutation_3,mutation_8,-2,-1,0,0,0,11,0,0,0,0,0,1,1
30/mutation_4~mutation_5,30,mutation_4,mutation_5,0,0,0,0,0,0,2,0,0,0,0,-0.37777777777777777,0
30/mutation_4~mutation_6,30,mutation_4,mutation_6,-1,0,0,0,0,11,0,0,0,0,0,-0.44888888888888889,0
30/mutation_4~mutation_8,30,mutation_4,mutation_8,-1,0,0,0,0,11,0,0,0,0,0,1,1
30/mutation_5~mutation_8,30,mutation_5,mutation_8,-1,0,0,0,0,11,-2,0,0,0,0,1,1
30/mutation_6~mutation_7,30,mutation_6,mutation_7,4,0,0,0,0,-5,6,0,0,0,0,0.41333333333333333,1
30/mutation_7~mutation_8,30,mutation_7,mutation_8,-4,0,0,0,0,5,-6,0,0,0,0,1,1
32/mutation_1~mutation_2,32,mutation_1,mutation_2,-8,-3,0,0,2,0,0,0,0,-4,0,-0.70666666666666667,0
32/mutation_1~mutation_3,32,mutation_1,mutation_3,-6,-3,0,0,0,0,0,0,0,0,0,-0.74222222222222223,0
32/mutation_1~mutation_4,32,mutation_1,mutation_4,-6,-3,0,0,0,0,0,1,1,0,0,-0.68888888888888888,0
32/mutation_1~mutation_5,32,mutation_1,mutation_5,-4,0,0,0,0,0,2,0,0,-2,0,-0.72444444444444445,0
32/mutation_1~mutation_6,32,mutation_1,mutation_6,-6,-1,0,0,0,0,0,0,0,0,0,-0.83111111111111113,0
32/mutation_1~mutation_7,32,mutation_1,mutation_7,-2,-3,0,0,0,0,0,0,0,8,0,0.8666666666666667,1
32/mutation_2~mutation_7,32,mutation_2,mutation_7,6,0,0,0,-2,0,0,0,0,12,0,0.92000000000000004,1
32/mutation_2~mutation_8,32,mutation_2,mutation_8,3,1,0,0,-2,0,0,0,0,4,0,0.52000000000000002,1
32/mutation_3~mutation_7,32,mutation_3,mutation_7,4,0,0,0,0,0,0,0,0,8,0,0.91111111111111109,1
32/mutation_3~mutation_8,32,mutation_3,mutation_8,1,1,0,0,0,0,0,0,0,0,0,0.5377777777777778,1
32/mutation_4~mutation_6,32,mutation_4,mutation_6,0,2,0,0,0,0,0,-1,-1,0,0,-0.34222222222222221,0
32/mutation_4~mutation_7,32,mutation_4,mutation_7,4,0,0,0,0,0,0,-1,-1,8,0,0.88444444444444448,1
32/mutation_4~mutation_8,32,mutation_4,mutation_8,1,1,0,0,0,0,0,-1,-1,0,0,0.48444444444444446,1
32/mutation_5~mutation_6,32,mutation_5,mutation_6,-2,-1,0,0,0,0,-2,0,0,2,0,-0.37777777777777777,0
32/mutation_5~mutation_7,32,mutation_5,mutation_7,2,-3,0,0,0,0,-2,0,0,10,0,0.8666666666666667,1
32/mutation_5~mutation_8,32,mutation_5,mutation_8,-1,-2,0,0,0,0,-2,0,0,2,0,0.55555555555555558,1
32/mutation_6~mutation_7,32,mutation_6,mutation_7,4,-2,0,0,0,0,0,0,0,8,0,0.90222222222222226,1
32/mutation_6~mutation_8,32,mutation_6,mutation_8,1,-1,0,0,0,0,0,0,0,0,0,0.68000000000000005,1
32/mutation_7~mutation_8,32,mutation_7,mutation_8,-3,1,0,0,0,0,0,0,0,-8,0,-0.88444444444444448,0
33/mutation_1~mutation_2,33,mutation_1,mutation_2,-6,-3,0,0,0,0,0,0,0,-1,0,-0.62666666666666671,0
33/mutation_1~mutation_3,33,mutation_1,mutation_3,-6,-3,0,0,0,0,0,0,0,0,0,-0.45777777777777778,0
33/mutation_1~mutation_7,33,mutation_1,mutation_7,-6,-3,0,0,0,4,0,0,0,0,0,0.51111111111111107,1
33/mutation_1~mutation_8,33,mutation_1,mutation_8,-5,-2,0,0,0,0,0,0,0,0,0,1,1
33/mutation_2~mutation_4,33,mutation_2,mutation_4,0,0,0,0,0,0,0,1,0,1,0,0.62666666666666671,1
33/mutation_2~mutation_5,33,mutation_2,mutation_5,4,3,0,0,0,-1,3,0,1,1,-1,0.41333333333333333,1
33/mutation_2~mutation_7,33,mutation_2,mutation_7,0,0,0,0,0,4,0,0,0,1,0,0.76000000000000001,1
33/mutation_2~mutation_8,33,mutation_2,mutation_8,1,1,0,0,0,0,0,0,0,1,0,1,1
33/mutation_3~mutation_4,33,mutation_3,mutation_4,0,0,0,0,0,0,0,1,0,0,0,0.46666666666666667,1
33/mutation_3~mutation_7,33,mutation_3,mutation_7,0,0,0,0,0,4,0,0,0,0,0,0.70666666666666667,1
33/mutation_3~mutation_8,33,mutation_3,mutation_8,1,1,0,0,0,0,0,0,0,0,0,1,1
33/mutation_4~mutation_7,33,mutation_4,mutation_7,0,0,0,0,0,4,0,-1,0,0,0,0.43111111111111111,1
33/mutation_4~mutation_8,33,mutation_4,mutation_8,1,1,0,0,0,0,0,-1,0,0,0,1,1
33/mutation_5~mutation_7,33,mutation_5,mutation_7,-4,-3,0,0,0,5,-3,0,-1,0,1,0.57333333333333336,1
33/mutation_5~mutation_8,33,mutation_5,mutation_8,-3,-2,0,0,0,1,-3,0,-1,0,1,1,1
33/mutation_7~mutation_8,33,mutation_7,mutation_8,1,1,0,0,0,-4,0,0,0,0,0,1,1
34/mutation_1~mutation_2,34,mutation_1,mutation_2,-14,-9,0,1,1,-2,-11,0,0,-5,-4,-1,0
34/mutation_1~mutation_3,34,mutation_1,mutation_3,-5,-5,0,0,0,0,0,0,0,0,0,-0.46666666666666667,0
34/mutation_1~mutation_5,34,mutation_1,mutation_5,-3,-4,0,0,0,0,1,0,0,0,0,-0.35999999999999999,0
34/mutation_1~mutation_6,34,mutation_1,mutation_6,3,-3,0,0,0,-2,2,0,0,0,-4,-0.40444444444444444,0
34/mutation_1~mutation_7,34,mutation_1,mutation_7,0,-5,0,0,0,0,0,0,0,0,0,1,1
34/mutation_1~mutation_8,34,mutation_1,mutation_8,-4,-4,0,0,0,0,0,0,0,0,0,1,1
34/mutation_2~mutation_3,34,mutation_2,mutation_3,9,4,0,-1,-1,2,11,0,0,5,4,1,1
34/mutation_2~mutation_4,34,mutation_2,mutation_4,7,4,2,-1,-1,4,10,1,0,5,6,1,1
34/mutation_2~mutation_5,34,mutation_2,mutation_5,11,5,0,-1,-1,2,12,0,0,5,4,1,1
34/mutation_2~mutation_6,34,mutation_2,mutation_6,17,6,0,-1,-1,0,13,0,0,5,0,1,1
34/mutation_2~mutation_7,34,mutation_2,mutation_7,14,4,0,-1,-1,2,11,0,0,5,4,1,1
34/mutation_2~mutation_8,34,mutation_2,mutation_8,10,5,0,-1,-1,2,11,0,0,5,4,1,1
34/mutation_3~mutation_4,34,mutation_3,mutation_4,-2,0,2,0,0,2,-1,1,0,0,2,0.84888888888888892,1
34/mutation_3~mutation_7,34,mutation_3,mutation_7,5,0,0,0,0,0,0,0,0,0,0,1,1
34/mutation_3~mutation_8,34,mutation_3,mutation_8,1,1,0,0,0,0,0,0,0,0,0,1,1
34/mutation_4~mutation_5,34,mutation_4,mutation_5,4,1,-2,0,0,-2,2,-1,0,0,-2,-0.76000000000000001,0
34/mutation_4~mutation_6,34,mutation_4,mutation_6,10,2,-2,0,0,-4,3,-1,0,0,-6,-0.79555555555555557,0
34/mutation_4~mutation_7,34,mutation_4,mutation_7,7,0,-2,0,0,-2,1,-1,0,0,-2,1,1
34/mutation_4~mutation_8,34,mutation_4,mutation_8,3,1,-2,0,0,-2,1,-1,0,0,-2,1,1
34/mutation_5~mutation_7,34,mutation_5,mutation_7,3,-1,0,0,0,0,-1,0,0,0,0,1,1
34/mutation_5~mutation_8,34,mutation_5,mutation_8,-1,0,0,0,0,0,-1,0,0,0,0,1,1
34/mutation_6~mutation_7,34,mutation_6,mutation_7,-3,-2,0,0,0,2,-2,0,0,0,4,1,1
34/mutation_6~mutation_8,34,mutation_6,mutation_8,-7,-1,0,0,0,2,-2,0,0,0,4,1,1
35/mutation_1~mutation_2,35,mutation_1,mutation_2,-15,-6,0,1,1,-2,-11,0,0,-6,-4,-1,0
35/mutation_1~mutation_3,35,mutation_1,mutation_3,-4,-2,0,0,0,0,0,0,0,0,0,0.3511111111111111,1
35/mutation_1~mutation_7,35,mutation_1,mutation_7,-3,-2,0,0,4,0,0,0,0,0,0,0.45777777777777778,1
35/mutation_1~mutation_8,35,mutation_1,mutation_8,-3,-1,0,0,0,0,0,0,0,0,0,1,1
35/mutation_2~mutation_3,35,mutation_2,mutation_3,11,4,0,-1,-1,2,11,0,0,6,4,1,1
35/mutation_2~mutation_4,35,mutation_2,mutation_4,12,4,2,-1,-1,2,11,1,0,6,4,1,1
35/mutation_2~mutation_5,35,mutation_2,mutation_5,15,5,0,-1,0,2,13,0,0,5,1,1,1
35/mutation_2~mutation_6,35,mutation_2,mutation_6,19,6,0,-1,-1,0,13,0,0,6,0,1,1
35/mutation_2~mutation_7,35,mutation_2,mutation_7,12,4,0,-1,3,2,11,0,0,6,4,1,1
35/mutation_2~mutation_8,35,mutation_2,mutation_8,12,5,0,-1,-1,2,11,0,0,6,4,1,1
35/mutation_3~mutation_8,35,mutation_3,mutation_8,1,1,0,0,0,0,0,0,0,0,0,1,1
35/mutation_4~mutation_8,35,mutation_4,mutation_8,0,1,-2,0,0,0,0,-1,0,0,0,1,1
35/mutation_5~mutation_7,35,mutation_5,mutation_7,-3,-1,0,0,3,0,-2,0,0,1,3,0.38666666666666666,1
35/mutation_5~mutation_8,35,mutation_5,mutation_8,-3,0,0,0,-1,0,-2,0,0,1,3,1,1
35/mutation_6~mutation_7,35,mutation_6,mutation_7,-7,-2,0,0,4,2,-2,0,0,0,4,0.33333333333333331,1
35/mutation_6~mutation_8,35,mutation_6,mutation_8,-7,-1,0,0,0,2,-2,0,0,0,4,1,1
35/mutation_7~mutation_8,35,mutation_7,mutation_8,0,1,0,0,-4,0,0,0,0,0,0,1,1
36/mutation_1~mutation_3,36,mutation_1,mutation_3,2,-4,0,0,-3,0,2,0,0,1,0,1,1
36/mutation_1~mutation_5,36,mutation_1,mutation_5,0,-3,0,0,-1,0,2,0,0,0,0,0.42222222222222222,1
36/mutation_1~mutation_7,36,mutation_1,mutation_7,-4,-4,0,0,0,5,0,0,0,0,0,1,1
36/mutation_1~mutation_8,36,mutation_1,mutation_8,-3,-3,0,0,0,0,0,0,0,0,0,0.50222222222222224,1
36/mutation_2~mutation_3,36,mutation_2,mutation_3,6,0,0,0,-1,0,2,0,0,1,0,0.99111111111111116,1
36/mutation_2~mutation_5,36,mutation_2,mutation_5,4,1,0,0,1,0,2,0,0,0,0,0.46666666666666667,1
36/mutation_2~mutation_7,36,mutation_2,mutation_7,0,0,0,0,2,5,0,0,0,0,0,1,1
36/mutation_2~mutation_8,36,mutation_2,mutation_8,1,1,0,0,2,0,0,0,0,0,0,0.51111111111111107,1
36/mutation_3~mutation_4,36,mutation_3,mutation_4,-6,-1,0,0,3,-1,-1,0,0,-1,0,-1,0
36/mutation_3~mutation_5,36,mutation_3,mutation_5,-2,1,0,0,2,0,0,0,0,-1,0,-0.96444444444444444,0
36/mutation_3~mutation_6,36,mutation_3,mutation_6,-1,0,0,0,3,0,-2,0,0,-1,-5,-1,0
36/mutation_3~mutation_7,36,mutation_3,mutation_7,-6,0,0,0,3,5,-2,0,0,-1,0,1,1
36/mutation_3~mutation_8,36,mutation_3,mutation_8,-5,1,0,0,3,0,-2,0,0,-1,0,-0.98222222222222222,0
36/mutation_4~mutation_5,36,mutation_4,mutation_5,4,2,0,0,-1,1,1,0,0,0,0,0.57333333333333336,1
36/mutation_4~mutation_7,36,mutation_4,mutation_7,0,1,0,0,0,6,-1,0,0,0,0,1,1
36/mutation_4~mutation_8,36,mutation_4,mutation_8,1,2,0,0,0,1,-1,0,0,0,0,0.66222222222222227,1
36/mutation_5~mutation_6,36,mutation_5,mutation_6,1,-1,0,0,1,0,-2,0,0,0,-5,-0.40444444444444444,0
36/mutation_5~mutation_7,36,mutation_5,mutation_7,-4,-1,0,0,1,5,-2,0,0,0,0,1,1
36/mutation_6~mutation_7,36,mutation_6,mutation_7,-5,0,0,0,0,5,0,0,0,0,5,1,1
36/mutation_6~mutation_8,36,mutation_6,mutation_8,-4,1,0,0,0,0,0,0,0,0,5,0.45777777777777778,1
36/mutation_7~mutation_8,36,mutation_7,mutation_8,1,1,0,0,0,-5,0,0,0,0,0,-1,0
37/mutation_1~mutation_2,37,mutation_1,mutation_2,-3,-2,0,0,-1,0,-1,0,0,0,0,-0.7155555555555555,0
37/mutation_1~mutation_4,37,mutation_1,mutation_4,0,0,0,0,-1,-1,0,0,0,0,-3,-0.38666666666666666,0
37/mutation_1~mutation_7,37,mutation_1,mutation_7,-1,-1,2,0,-1,0,-2,0,-1,0,-1,1,1
37/mutation_2~mutation_3,37,mutation_2,mutation_3,5,3,0,0,-2,-1,0,0,1,1,-3,0.68888888888888888,1
37/mutation_2~mutation_4,37,mutation_2,mutation_4,3,2,0,0,0,-1,1,0,0,0,-3,0.37777777777777777,1
37/mutation_2~mutation_5,37,mutation_2,mutation_5,4,4,0,0,0,-1,1,0,0,0,-3,0.46666666666666667,1
37/mutation_2~mutation_6,37,mutation_2,mutation_6,3,3,0,0,0,-1,2,0,0,2,-3,0.68000000000000005,1
37/mutation_2~mutation_7,37,mutation_2,mutation_7,2,1,2,0,0,0,-1,0,-1,0,-1,1,1
37/mutation_2~mutation_8,37,mutation_2,mutation_8,4,4,0,0,0,-1,0,0,0,0,-3,0.64444444444444449,1
37/mutation_3~mutation_4,37,mutation_3,mutation_4,-2,-1,0,0,2,0,1,0,-1,-1,0,-0.47555555555555556,0
37/mutation_3~mutation_5,37,mutation_3,mutation_5,-1,1,0,0,2,0,1,0,-1,-1,0,-0.36888888888888888,0
37/mutation_3~mutation_6,37,mutation_3,mutation_6,-2,0,0,0,2,0,2,0,-1,1,0,-0.34222222222222221,0
37/mutation_3~mutation_7,37,mutation_3,mutation_7,-3,-2,2,0,2,1,-1,0,-2,-1,2,1,1
37/mutation_4~mutation_7,37,mutation_4,mutation_7,-1,-1,2,0,0,1,-2,0,-1,0,2,1,1
37/mutation_5~mutation_7,37,mutation_5,mutation_7,-2,-3,2,0,0,1,-2,0,-1,0,2,1,1
37/mutation_6~mutation_7,37,mutation_6,mutation_7,-1,-2,2,0,0,1,-3,0,-1,-2,2,1,1
37/mutation_7~mutation_8,37,mutation_7,mutation_8,2,3,-2,0,0,-1,1,0,1,0,-2,-1,0
38/mutation_1~mutation_2,38,mutation_1,mutation_2,-4,-4,0,0,2,0,-1,0,-1,0,0,-0.63555555555555554,0
38/mutation_1~mutation_3,38,mutation_1,mutation_3,0,-3,0,0,-2,0,2,0,0,5,1,0.88444444444444448,1
38/mutation_1~mutation_4,38,mutation_1,mutation_4,-6,-5,0,0,0,5,0,-1,-3,-1,3,0.35999999999999999,1
38/mutation_1~mutation_5,38,mutation_1,mutation_5,5,-1,0,0,0,2,3,0,0,0,-5,-0.3511111111111111,0
38/mutation_1~mutation_7,38,mutation_1,mutation_7,5,-3,0,0,0,0,0,0,0,0,0,1,1
38/mutation_1~mutation_8,38,mutation_1,mutation_8,-2,-2,0,0,0,0,0,0,0,0,0,1,1
38/mutation_2~mutation_3,38,mutation_2,mutation_3,4,1,0,0,-4,0,3,0,1,5,1,0.88444444444444448,1
38/mutation_2~mutation_4,38,mutation_2,mutation_4,-2,-1,0,0,-2,5,1,-1,-2,-1,3,1,1
38/mutation_2~mutation_5,38,mutation_2,mutation_5,9,3,0,0,-2,2,4,0,1,0,-5,0.68000000000000005,1
38/mutation_2~mutation_6,38,mutation_2,mutation_6,6,1,0,0,-2,0,1,0,1,0,-5,0.46666666666666667,1
38/mutation_2~mutation_7,38,mutation_2,mutation_7,9,1,0,0,-2,0,1,0,1,0,0,1,1
38/mutation_2~mutation_8,38,mutation_2,mutation_8,2,2,0,0,-2,0,1,0,1,0,0,1,1
38/mutation_3~mutation_4,38,mutation_3,mutation_4,-6,-2,0,0,2,5,-2,-1,-3,-6,2,-0.8666666666666667,0
38/mutation_3~mutation_5,38,mutation_3,mutation_5,5,2,0,0,2,2,1,0,0,-5,-6,-0.88444444444444448,0
38/mutation_3~mutation_6,38,mutation_3,mutation_6,2,0,0,0,2,0,-2,0,0,-5,-6,-0.90222222222222226,0
38/mutation_3~mutation_7,38,mutation_3,mutation_7,5,0,0,0,2,0,-2,0,0,-5,-1,1,1
38/mutation_3~mutation_8,38,mutation_3,mutation_8,-2,1,0,0,2,0,-2,0,0,-5,-1,1,1
38/mutation_4~mutation_5,38,mutation_4,mutation_5,11,4,0,0,0,-3,3,1,3,1,-8,-0.69777777777777783,0
38/mutation_4~mutation_6,38,mutation_4,mutation_6,8,2,0,0,0,-5,0,1,3,1,-8,-0.41333333333333333,0
38/mutation_4~mutation_7,38,mutation_4,mutation_7,11,2,0,0,0,-5,0,1,3,1,-3,1,1
38/mutation_4~mutation_8,38,mutation_4,mutation_8,4,3,0,0,0,-5,0,1,3,1,-3,1,1
38/mutation_5~mutation_7,38,mutation_5,mutation_7,0,-2,0,0,0,-2,-3,0,0,0,5,1,1
38/mutation_5~mutation_8,38,mutation_5,mutation_8,-7,-1,0,0,0,-2,-3,0,0,0,5,1,1
38/mutation_6~mutation_7,38,mutation_6,mutation_7,3,0,0,0,0,0,0,0,0,0,5,1,1
38/mutation_6~mutation_8,38,mutation_6,mutation_8,-4,1,0,0,0,0,0,0,0,0,5,1,1
38/mutation_7~mutation_8,38,mutation_7,mutation_8,-7,1,0,0,0,0,0,0,0,0,0,-0.6711111111111111,0
39/mutation_1~mutation_7,39,mutation_1,mutation_7,5,-3,0,0,0,0,6,0,0,0,0,1,1
39/mutation_1~mutation_8,39,mutation_1,mutation_8,-2,-2,0,0,0,0,0,0,0,0,0,1,1
39/mutation_3~mutation_6,39,mutation_3,mutation_6,0,0,0,0,0,0,0,0,0,-3,0,0.35999999999999999,1
39/mutation_3~mutation_7,39,mutation_3,mutation_7,8,0,0,0,0,0,6,0,0,-3,0,1,1
39/mutation_3~mutation_8,39,mutation_3,mutation_8,1,1,0,0,0,0,0,0,0,-3,0,1,1
39/mutation_4~mutation_6,39,mutation_4,mutation_6,1,0,0,0,0,0,-1,-1,-2,-2,0,0.3511111111111111,1
39/mutation_4~mutation_7,39,mutation_4,mutation_7,9,0,0,0,0,0,5,-1,-2,-2,0,1,1
39/mutation_4~mutation_8,39,mutation_4,mutation_8,2,1,0,0,0,0,-1,-1,-2,-2,0,1,1
39/mutation_5~mutation_7,39,mutation_5,mutation_7,5,-1,0,0,0,0,3,0,0,0,0,1,1
39/mutation_5~mutation_8,39,mutation_5,mutation_8,-2,0,0,0,0,0,-3,0,0,0,0,1,1
39/mutation_6~mutation_7,39,mutation_6,mutation_7,8,0,0,0,0,0,6,0,0,0,0,1,1
39/mutation_6~mutation_8,39,mutation_6,mutation_8,1,1,0,0,0,0,0,0,0,0,0,1,1
40/mutation_1~mutation_2,40,mutation_1,mutation_2,-14,-3,0,0,1,0,-1,0,0,0,0,-0.5377777777777778,0
40/mutation_1~mutation_3,40,mutation_1,mutation_3,-7,-3,0,0,-2,0,0,0,0,2,0,-0.42222222222222222,0
40/mutation_1~mutation_5,40,mutation_1,mutation_5,-16,0,0,0,3,0,2,0,0,0,0,-1,0
40/mutation_1~mutation_6,40,mutation_1,mutation_6,-10,-3,0,0,0,0,-1,0,0,0,0,-0.43111111111111111,0
40/mutation_1~mutation_7,40,mutation_1,mutation_7,-23,-5,0,0,0,5,0,0,0,0,14,1,1
40/mutation_1~mutation_8,40,mutation_1,mutation_8,-8,-2,0,0,0,0,0,0,0,0,0,1,1
40/mutation_2~mutation_4,40,mutation_2,mutation_4,5,-1,2,0,-1,0,1,1,0,0,0,0.52000000000000002,1
40/mutation_2~mutation_5,40,mutation_2,mutation_5,-2,3,0,0,2,0,3,0,0,0,0,-1,0
40/mutation_2~mutation_7,40,mutation_2,mutation_7,-9,-2,0,0,-1,5,1,0,0,0,14,1,1
40/mutation_2~mutation_8,40,mutation_2,mutation_8,6,1,0,0,-1,0,1,0,0,0,0,1,1
40/mutation_3~mutation_4,40,mutation_3,mutation_4,-2,-1,2,0,2,0,0,1,0,-2,0,0.38666666666666666,1
40/mutation_3~mutation_5,40,mutation_3,mutation_5,-9,3,0,0,5,0,2,0,0,-2,0,-1,0
40/mutation_3~mutation_7,40,mutation_3,mutation_7,-16,-2,0,0,2,5,0,0,0,-2,14,1,1
40/mutation_3~mutation_8,40,mutation_3,mutation_8,-1,1,0,0,2,0,0,0,0,-2,0,1,1
40/mutation_4~mutation_5,40,mutation_4,mutation_5,-7,4,-2,0,3,0,2,-1,0,0,0,-1,0
40/mutation_4~mutation_7,40,mutation_4,mutation_7,-14,-1,-2,0,0,5,0,-1,0,0,14,1,1
40/mutation_4~mutation_8,40,mutation_4,mutation_8,1,2,-2,0,0,0,0,-1,0,0,0,1,1
40/mutation_5~mutation_6,40,mutation_5,mutation_6,6,-3,0,0,-3,0,-3,0,0,0,0,1,1
40/mutation_5~mutation_7,40,mutation_5,mutation_7,-7,-5,0,0,-3,5,-2,0,0,0,14,1,1
40/mutation_5~mutation_8,40,mutation_5,mutation_8,8,-2,0,0,-3,0,-2,0,0,0,0,1,1
40/mutation_6~mutation_7,40,mutation_6,mutation_7,-13,-2,0,0,0,5,1,0,0,0,14,1,1
40/mutation_6~mutation_8,40,mutation_6,mutation_8,2,1,0,0,0,0,1,0,0,0,0,1,1
40/mutation_7~mutation_8,40,mutation_7,mutation_8,15,3,0,0,0,-5,0,0,0,0,-14,-1,0
41/mutation_1~mutation_7,41,mutation_1,mutation_7,-2,-6,0,0,0,0,0,0,0,0,0,0.80444444444444441,1
41/mutation_1~mutation_8,41,mutation_1,mutation_8,-5,-5,0,0,0,0,0,0,0,0,0,1,1
41/mutation_3~mutation_7,41,mutation_3,mutation_7,2,0,0,0,2,0,0,0,0,0,0,0.8666666666666667,1
41/mutation_3~mutation_8,41,mutation_3,mutation_8,-1,1,0,0,2,0,0,0,0,0,0,1,1
41/mutation_4~mutation_7,41,mutation_4,mutation_7,4,2,-2,0,0,0,0,-1,0,0,0,0.88444444444444448,1
41/mutation_4~mutation_8,41,mutation_4,mutation_8,1,3,-2,0,0,0,0,-1,0,0,0,1,1
41/mutation_5~mutation_7,41,mutation_5,mutation_7,1,-1,0,0,0,0,-3,0,0,0,0,0.87555555555555553,1
41/mutation_5~mutation_8,41,mutation_5,mutation_8,-2,0,0,0,0,0,-3,0,0,0,0,1,1
41/mutation_7~mutation_8,41,mutation_7,mutation_8,-3,1,0,0,0,0,0,0,0,0,0,1,1
42/mutation_1~mutation_2,42,mutation_1,mutation_2,-5,-3,0,0,0,0,0,0,0,-4,0,-1,0
42/mutation_1~mutation_3,42,mutation_1,mutation_3,-15,-3,0,0,0,6,1,0,0,0,4,-1,0
42/mutation_1~mutation_4,42,mutation_1,mutation_4,-5,-3,1,0,0,0,2,1,0,-1,0,-1,0
42/mutation_1~mutation_5,42,mutation_1,mutation_5,3,-2,0,0,0,-1,4,0,0,-2,-6,-1,0
42/mutation_1~mutation_6,42,mutation_1,mutation_6,2,-2,0,0,0,-2,0,0,0,0,-6,-1,0
42/mutation_1~mutation_7,42,mutation_1,mutation_7,-1,-3,0,0,0,0,0,0,0,0,0,-1,0
42/mutation_1~mutation_8,42,mutation_1,mutation_8,-4,-2,0,0,0,0,0,0,0,0,0,-1,0
42/mutation_2~mutation_4,42,mutation_2,mutation_4,0,0,1,0,0,0,2,1,0,3,0,-1,0
42/mutation_2~mutation_5,42,mutation_2,mutation_5,8,1,0,0,0,-1,4,0,0,2,-6,0.47555555555555556,1
42/mutation_2~mutation_7,42,mutation_2,mutation_7,4,0,0,0,0,0,0,0,0,4,0,0.46666666666666667,1
42/mutation_2~mutation_8,42,mutation_2,mutation_8,1,1,0,0,0,0,0,0,0,4,0,1,1
42/mutation_3~mutation_4,42,mutation_3,mutation_4,10,0,1,0,0,-6,1,1,0,-1,-4,-1,0
42/mutation_3~mutation_5,42,mutation_3,mutation_5,18,1,0,0,0,-7,3,0,0,-2,-10,0.36888888888888888,1
42/mutation_3~mutation_7,42,mutation_3,mutation_7,14,0,0,0,0,-6,-1,0,0,0,-4,0.42222222222222222,1
42/mutation_3~mutation_8,42,mutation_3,mutation_8,11,1,0,0,0,-6,-1,0,0,0,-4,1,1
42/mutation_4~mutation_5,42,mutation_4,mutation_5,8,1,-1,0,0,-1,2,-1,0,-1,-6,1,1
42/mutation_4~mutation_6,42,mutation_4,mutation_6,7,1,-1,0,0,-2,-2,-1,0,1,-6,1,1
42/mutation_4~mutation_7,42,mutation_4,mutation_7,4,0,-1,0,0,0,-2,-1,0,1,0,1,1
42/mutation_4~mutation_8,42,mutation_4,mutation_8,1,1,-1,0,0,0,-2,-1,0,1,0,1,1
42/mutation_5~mutation_8,42,mutation_5,mutation_8,-7,0,0,0,0,1,-4,0,0,2,6,0.93777777777777782,1
42/mutation_6~mutation_8,42,mutation_6,mutation_8,-6,0,0,0,0,2,0,0,0,0,6,0.8666666666666667,1
42/mutation_7~mutation_8,42,mutation_7,mutation_8,-3,1,0,0,0,0,0,0,0,0,0,0.84888888888888892,1
43/mutation_1~mutation_2,43,mutation_1,mutation_2,-3,-3,0,0,0,0,0,0,0,0,0,-0.66222222222222227,0
43/mutation_1~mutation_3,43,mutation_1,mutation_3,-3,-3,0,0,-1,0,0,0,1,0,1,0.84888888888888892,1
43/mutation_1~mutation_4,43,mutation_1,mutation_4,-3,-3,0,0,0,0,1,0,0,0,0,-0.61777777777777776,0
43/mutation_1~mutation_6,43,mutation_1,mutation_6,-1,0,0,0,0,-1,0,0,0,0,-2,-0.6711111111111111,0
43/mutation_1~mutation_7,43,mutation_1,mutation_7,4,-2,0,0,0,3,0,0,0,0,0,1,1
43/mutation_1~mutation_8,43,mutation_1,mutation_8,-2,-2,0,0,0,0,0,0,0,0,0,1,1
43/mutation_2~mutation_3,43,mutation_2,mutation_3,0,0,0,0,-1,0,0,0,1,0,1,0.87555555555555553,1
43/mutation_2~mutation_5,43,mutation_2,mutation_5,0,1,0,0,-1,-1,-5,0,-1,-2,-2,0.62666666666666671,1
43/mutation_2~mutation_7,43,mutation_2,mutation_7,7,1,0,0,0,3,0,0,0,0,0,1,1
43/mutation_2~mutation_8,43,mutation_2,mutation_8,1,1,0,0,0,0,0,0,0,0,0,1,1
43/mutation_3~mutation_4,43,mutation_3,mutation_4,0,0,0,0,1,0,1,0,-1,0,-1,-0.92000000000000004,0
43/mutation_3~mutation_5,43,mutation_3,mutation_5,0,1,0,0,0,-1,-5,0,-2,-2,-3,-0.81333333333333335,0
43/mutation_3~mutation_6,43,mutation_3,mutation_6,2,3,0,0,1,-1,0,0,-1,0,-3,-0.9555555555555556,0
43/mutation_3~mutation_7,43,mutation_3,mutation_7,7,1,0,0,1,3,0,0,-1,0,-1,1,1
43/mutation_3~mutation_8,43,mutation_3,mutation_8,1,1,0,0,1,0,0,0,-1,0,-1,1,1
43/mutation_4~mutation_5,43,mutation_4,mutation_5,0,1,0,0,-1,-1,-6,0,-1,-2,-2,0.59999999999999998,1
43/mutation_4~mutation_7,43,mutation_4,mutation_7,7,1,0,0,0,3,-1,0,0,0,0,1,1
43/mutation_4~mutation_8,43,mutation_4,mutation_8,1,1,0,0,0,0,-1,0,0,0,0,1,1
43/mutation_5~mutation_6,43,mutation_5,mutation_6,2,2,0,0,1,0,5,0,1,2,0,-0.64444444444444449,0
43/mutation_5~mutation_7,43,mutation_5,mutation_7,7,0,0,0,1,4,5,0,1,2,2,1,1
43/mutation_5~mutation_8,43,mutation_5,mutation_8,1,0,0,0,1,1,5,0,1,2,2,1,1
43/mutation_6~mutation_7,43,mutation_6,mutation_7,5,-2,0,0,0,4,0,0,0,0,2,1,1
43/mutation_6~mutation_8,43,mutation_6,mutation_8,-1,-2,0,0,0,1,0,0,0,0,2,1,1
43/mutation_7~mutation_8,43,mutation_7,mutation_8,-6,0,0,0,0,-3,0,0,0,0,0,-1,0
44/mutation_1~mutation_4,44,mutation_1,mutation_4,-20,-5,2,0,0,0,0,2,1,1,0,-0.82222222222222219,0
44/mutation_1~mutation_5,44,mutation_1,mutation_5,-23,-4,0,0,1,0,2,0,0,0,0,-1,0
44/mutation_1~mutation_6,44,mutation_1,mutation_6,-20,-5,2,0,0,0,0,1,1,1,0,-0.80444444444444441,0
44/mutation_1~mutation_8,44,mutation_1,mutation_8,-15,-4,0,0,0,0,0,0,0,0,0,1,1
44/mutation_3~mutation_4,44,mutation_3,mutation_4,-6,0,2,0,2,0,0,2,1,1,0,-0.5822222222222222,0
44/mutation_3~mutation_5,44,mutation_3,mutation_5,-9,1,0,0,3,0,2,0,0,0,0,-1,0
44/mutation_3~mutation_6,44,mutation_3,mutation_6,-6,0,2,0,2,0,0,1,1,1,0,-0.59999999999999998,0
44/mutation_3~mutation_8,44,mutation_3,mutation_8,-1,1,0,0,2,0,0,0,0,0,0,1,1
44/mutation_4~mutation_5,44,mutation_4,mutation_5,-3,1,-2,0,1,0,2,-2,-1,-1,0,-1,0
44/mutation_4~mutation_7,44,mutation_4,mutation_7,8,0,-2,0,0,0,0,-2,-1,-1,0,0.49333333333333335,1
44/mutation_4~mutation_8,44,mutation_4,mutation_8,5,1,-2,0,0,0,0,-2,-1,-1,0,1,1
44/mutation_5~mutation_6,44,mutation_5,mutation_6,3,-1,2,0,-1,0,-2,1,1,1,0,1,1
44/mutation_5~mutation_7,44,mutation_5,mutation_7,11,-1,0,0,-1,0,-2,0,0,0,0,1,1
44/mutation_5~mutation_8,44,mutation_5,mutation_8,8,0,0,0,-1,0,-2,0,0,0,0,1,1
44/mutation_6~mutation_7,44,mutation_6,mutation_7,8,0,-2,0,0,0,0,-1,-1,-1,0,0.54666666666666663,1
44/mutation_6~mutation_8,44,mutation_6,mutation_8,5,1,-2,0,0,0,0,-1,-1,-1,0,1,1
44/mutation_7~mutation_8,44,mutation_7,mutation_8,-3,1,0,0,0,0,0,0,0,0,0,1,1
45/mutation_1~mutation_3,45,mutation_1,mutation_3,2,-5,0,0,-7,0,1,0,0,7,0,0.88444444444444448,1
45/mutation_1~mutation_4,45,mutation_1,mutation_4,-9,-5,-2,0,0,0,0,0,0,0,0,-1,0
45/mutation_1~mutation_6,45,mutation_1,mutation_6,-14,-9,0,0,-1,4,-1,0,0,1,5,0.52000000000000002,1
45/mutation_1~mutation_7,45,mutation_1,mutation_7,-5,-5,0,0,4,0,0,0,0,0,0,1,1
45/mutation_2~mutation_3,45,mutation_2,mutation_3,11,0,0,0,-7,0,1,0,0,7,0,0.93777777777777782,1
45/mutation_2~mutation_4,45,mutation_2,mutation_4,0,0,-2,0,0,0,0,0,0,0,0,-1,0
45/mutation_2~mutation_6,45,mutation_2,mutation_6,-5,-4,0,0,-1,4,-1,0,0,1,5,0.64444444444444449,1
45/mutation_2~mutation_7,45,mutation_2,mutation_7,4,0,0,0,4,0,0,0,0,0,0,1,1
45/mutation_3~mutation_4,45,mutation_3,mutation_4,-11,0,-2,0,7,0,-1,0,0,-7,0,-1,0
45/mutation_3~mutation_5,45,mutation_3,mutation_5,-9,1,0,0,7,0,1,0,0,-7,0,-0.90222222222222226,0
45/mutation_3~mutation_6,45,mutation_3,mutation_6,-16,-4,0,0,6,4,-2,0,0,-6,5,-0.8666666666666667,0
45/mutation_3~mutation_7,45,mutation_3,mutation_7,-7,0,0,0,11,0,-1,0,0,-7,0,0.79555555555555557,1
45/mutation_3~mutation_8,45,mutation_3,mutation_8,-10,1,0,0,7,0,-1,0,0,-7,0,-0.84888888888888892,0
45/mutation_4~mutation_5,45,mutation_4,mutation_5,2,1,2,0,0,0,2,0,0,0,0,1,1
45/mutation_4~mutation_6,45,mutation_4,mutation_6,-5,-4,2,0,-1,4,-1,0,0,1,5,1,1
45/mutation_4~mutation_7,45,mutation_4,mutation_7,4,0,2,0,4,0,0,0,0,0,0,1,1
45/mutation_4~mutation_8,45,mutation_4,mutation_8,1,1,2,0,0,0,0,0,0,0,0,1,1
45/mutation_5~mutation_6,45,mutation_5,mutation_6,-7,-5,0,0,-1,4,-3,0,0,1,5,0.5822222222222222,1
45/mutation_5~mutation_7,45,mutation_5,mutation_7,2,-1,0,0,4,0,-2,0,0,0,0,1,1
45/mutation_6~mutation_7,45,mutation_6,mutation_7,9,4,0,0,5,-4,1,0,0,-1,-5,1,1
45/mutation_7~mutation_8,45,mutation_7,mutation_8,-3,1,0,0,-4,0,0,0,0,0,0,-1,0
