group,mut_index,sample_id,n,medians,treeNonConstWidgetCount,treeMaxWidgetNestingDepth,treeListRenderingStrategy,rootBuildReturnsConstWidget,treeConstWidgetCount,helperReferenceCount,usesLayoutDependentBuilder,treeCyclomaticComplexity,treeIterationCount,treeMaxIterationNestingDepth,iterationWidgetCount,valueObjectAllocCount,helperWidgetCount,helperMaxWidgetNestingDepth
01,0,01/base,15,"[2131.5, 2623.0, 2687.5, 2571.5, 2558.0, 2640.5, 2425.0, 1878.0, 2157.5, 2634.0, 2542.5, 2301.0, 2243.0, 2197.0, 2143.0]",18,5,1,0,0,5,0,47,1,1,4,14,16,5
01,1,01/mutation_1,15,"[2651.0, 2711.5, 2640.5, 2689.5, 2698.0, 2731.0, 2633.5, 2724.5, 2657.0, 2672.5, 2588.0, 2720.5, 2138.5, 2704.0, 2701.5]",21,8,1,0,0,5,0,47,1,1,7,14,16,5
01,2,01/mutation_2,15,"[2580.5, 2084.5, 2566.0, 2551.5, 2278.5, 2515.5, 2334.0, 2356.5, 2560.5, 2100.0, 2571.0, 2578.5, 2561.0, 2573.5, 2597.0]",14,5,1,0,6,5,0,47,1,1,2,12,14,5
01,3,01/mutation_3,15,"[2673.5, 2505.5, 2650.5, 2656.0, 2655.0, 2281.0, 2108.0, 2325.0, 2695.5, 2697.5, 2634.0, 2663.0, 2687.0, 2639.5, 2625.0]",18,5,1,0,0,5,0,47,1,1,4,15,16,5
01,4,01/mutation_4,15,"[2546.5, 2533.5, 2460.5, 2524.0, 2346.5, 2406.5, 2470.5, 2267.5, 2372.0, 2112.5, 2210.5, 2489.5, 2469.0, 2412.0, 2489.5]",18,6,2,0,0,5,0,45,2,1,3,14,16,5
01,5,01/mutation_5,15,"[2624.5, 2393.0, 2625.0, 2615.5, 2606.0, 2237.0, 2596.5, 2605.0, 2474.0, 2522.5, 2594.0, 2603.5, 2408.0, 2607.5, 2593.5]",36,13,1,0,2,2,0,52,1,1,2,14,1,1
01,6,01/mutation_6,15,"[2658.0, 2066.0, 2662.5, 2650.0, 2054.0, 2655.0, 2622.5, 2682.0, 2657.0, 2525.5, 2655.0, 2648.5, 2559.5, 2668.0, 2617.5]",63,12,1,0,0,2,0,65,1,1,4,30,1,1
01,7,01/mutation_7,15,"[4308.0, 4931.5, 5108.5, 5267.5, 5120.5, 4278.0, 4849.0, 5248.5, 5209.0, 4604.5, 4950.5, 5179.5, 5060.5, 5130.5, 5035.0]",24,5,1,0,0,5,0,47,1,1,10,17,16,5
01,8,01/mutation_8,15,"[2744.5, 2345.5, 2247.0, 2222.0, 2746.5, 2726.0, 2799.5, 2803.0, 2756.5, 2427.5, 2451.5, 2122.5, 2750.5, 2743.5, 2475.0]",19,6,1,0,0,5,1,47,1,1,4,14,16,5
02,0,02/base,15,"[881.5, 889.0, 888.0, 904.5, 907.5, 914.5, 879.0, 936.5, 910.0, 907.0, 899.5, 891.5, 893.0, 901.0, 888.5]",7,6,0,0,1,1,0,4,0,0,0,4,7,4
02,1,02/mutation_1,15,"[870.0, 895.5, 894.0, 884.0, 904.5, 907.0, 905.0, 906.5, 955.0, 917.5, 913.0, 905.5, 900.0, 892.0, 934.5]",7,6,0,0,1,1,0,4,0,0,0,4,9,6
02,2,02/mutation_2,15,"[939.5, 908.0, 909.5, 893.0, 875.5, 915.5, 902.0, 902.0, 908.0, 901.5, 893.0, 891.0, 896.0, 890.0, 919.0]",7,6,2,0,1,1,0,4,1,1,1,4,4,4
02,3,02/mutation_3,15,"[892.0, 916.0, 903.5, 906.5, 884.0, 960.0, 918.5, 895.5, 908.5, 881.5, 882.0, 899.0, 911.5, 882.5, 942.5]",8,6,0,0,0,1,0,4,0,0,0,7,7,4
02,4,02/mutation_4,15,"[937.0, 906.0, 911.5, 910.0, 889.0, 878.5, 889.0, 902.0, 933.0, 898.0, 919.0, 929.5, 903.5, 946.5, 900.5]",7,6,2,0,1,1,0,4,1,1,1,4,8,4
02,5,02/mutation_5,15,"[898.5, 906.5, 881.5, 911.5, 895.0, 885.5, 899.0, 922.0, 885.0, 890.5, 890.5, 893.5, 889.5, 897.0, 890.0]",15,11,0,0,1,0,0,5,0,0,0,4,0,0
02,6,02/mutation_6,15,"[893.5, 900.0, 877.5, 885.0, 946.5, 896.0, 925.5, 884.0, 882.5, 920.0, 885.5, 879.5, 897.0, 894.5, 882.5]",14,10,0,0,1,0,0,4,0,0,0,4,0,0
02,7,02/mutation_7,15,"[1190.5, 1145.5, 1211.0, 1151.0, 1147.0, 1159.0, 1168.5, 1139.0, 1149.5, 1134.0, 1165.5, 1157.0, 1180.5, 1150.0, 1142.0]",7,6,0,0,1,1,0,4,0,0,0,4,10,4
02,8,02/mutation_8,15,"[1209.5, 1191.0, 1266.0, 1201.0, 1215.0, 1191.5, 1211.5, 1185.5, 1211.0, 1181.0, 1230.5, 1195.0, 1204.0, 1223.5, 1202.0]",8,6,0,0,1,1,1,4,0,0,0,4,7,4
03,0,03/base,15,"[612.0, 426.5, 423.5, 604.5, 616.0, 571.0, 651.0, 412.0, 600.0, 418.0, 637.5, 621.0, 628.5, 627.0, 412.0]",14,6,0,0,0,0,0,27,1,1,0,1,0,0
03,1,03/mutation_1,15,"[667.0, 429.0, 428.5, 433.0, 556.5, 653.0, 430.0, 630.0, 422.5, 613.5, 655.5, 587.5, 590.0, 628.5, 614.5]",24,11,0,0,0,0,0,27,1,1,0,1,0,0
03,2,03/mutation_2,15,"[424.5, 409.5, 400.0, 560.0, 415.5, 551.0, 425.0, 611.5, 413.5, 420.5, 424.0, 433.0, 625.5, 627.0, 600.0]",13,6,0,0,1,0,0,27,1,1,0,1,0,0
03,3,03/mutation_3,15,"[625.0, 556.0, 619.5, 581.5, 434.0, 430.5, 407.5, 422.0, 613.5, 564.0, 418.0, 417.0, 627.5, 654.5, 399.5]",14,6,0,0,0,0,0,27,1,1,0,3,0,0
03,4,03/mutation_4,15,"[411.0, 397.0, 573.5, 427.0, 585.5, 412.5, 422.5, 428.0, 621.0, 583.5, 653.5, 619.0, 422.0, 626.5, 423.0]",14,4,2,0,0,0,0,27,2,1,0,1,0,0
03,5,03/mutation_5,15,"[624.5, 411.0, 528.5, 613.0, 599.0, 428.5, 619.5, 614.5, 636.0, 414.5, 553.5, 619.5, 415.0, 624.5, 607.5]",16,7,0,0,0,0,0,29,1,1,0,1,0,0
03,6,03/mutation_6,15,"[413.0, 633.0, 620.0, 419.5, 619.5, 419.5, 405.5, 641.5, 628.5, 613.5, 417.5, 419.0, 625.0, 586.0, 431.0]",12,6,0,0,0,0,0,28,1,1,0,1,0,0
03,7,03/mutation_7,15,"[485.0, 648.5, 503.5, 494.5, 488.5, 498.5, 486.5, 718.5, 486.5, 742.0, 532.5, 475.0, 495.0, 736.0, 495.5]",10,5,2,0,0,1,0,28,2,1,0,1,4,2
03,8,03/mutation_8,15,"[1059.0, 1323.5, 1057.5, 1063.5, 798.5, 1096.5, 1316.0, 1279.5, 782.5, 1129.0, 1285.5, 779.5, 1332.5, 796.5, 1307.0]",15,7,0,0,0,0,1,27,1,1,0,1,0,0
04,0,04/base,15,"[554.5, 564.0, 581.0, 398.5, 562.0, 586.0, 578.5, 550.0, 558.5, 582.5, 552.5, 575.5, 574.0, 550.5, 490.5]",3,3,0,0,0,0,0,1,0,0,0,0,0,0
04,1,04/mutation_1,15,"[579.5, 586.0, 593.5, 583.0, 571.5, 577.0, 574.0, 582.5, 562.0, 615.5, 579.0, 566.0, 602.0, 585.5, 573.0]",9,9,0,0,0,0,0,1,0,0,0,0,0,0
04,2,04/mutation_2,15,"[569.0, 564.0, 544.5, 562.5, 560.0, 592.0, 568.5, 549.0, 557.0, 579.0, 609.0, 543.0, 530.5, 583.5, 568.5]",4,4,0,0,0,0,0,1,0,0,0,0,0,0
04,3,04/mutation_3,15,"[597.0, 590.0, 560.5, 594.5, 562.5, 598.0, 535.0, 558.5, 578.0, 563.5, 602.5, 572.0, 598.0, 560.0, 586.0]",3,3,0,0,0,0,0,1,0,0,0,1,0,0
04,4,04/mutation_4,15,"[584.0, 589.0, 594.0, 573.0, 574.0, 584.5, 572.5, 571.0, 560.0, 569.5, 573.5, 401.5, 530.0, 590.0, 597.0]",4,4,2,0,1,0,0,2,1,1,0,0,0,0
04,5,04/mutation_5,15,"[553.5, 572.5, 551.5, 569.0, 608.5, 603.5, 558.5, 575.5, 587.5, 523.5, 583.5, 585.5, 574.0, 579.0, 568.5]",6,6,0,0,0,0,0,4,0,0,0,0,0,0
04,6,04/mutation_6,15,"[587.0, 570.0, 570.0, 552.0, 534.0, 593.0, 571.5, 552.0, 558.0, 564.5, 567.0, 530.5, 614.5, 530.5, 585.5]",2,2,0,0,0,0,0,1,0,0,0,0,0,0
04,7,04/mutation_7,15,"[622.0, 578.5, 592.0, 577.0, 597.5, 587.0, 566.5, 410.0, 588.0, 580.5, 593.0, 624.0, 575.5, 580.5, 574.5]",5,4,2,0,0,0,0,2,1,1,1,1,0,0
04,8,04/mutation_8,15,"[1092.5, 1111.0, 1055.5, 1148.5, 1119.0, 1112.0, 1151.0, 1128.0, 1109.0, 1137.0, 1089.0, 1128.0, 1135.0, 1122.5, 1108.5]",4,4,0,0,0,0,1,1,0,0,0,0,0,0
05,0,05/base,15,"[1979.5, 2083.0, 2045.5, 2044.5, 2013.5, 2020.0, 2154.5, 2014.0, 2022.0, 1833.0, 1983.0, 2002.5, 2047.5, 2002.0, 1717.0]",17,5,2,0,3,0,0,12,1,1,9,3,0,0
05,1,05/mutation_1,15,"[2117.0, 2156.0, 2147.5, 1978.5, 2102.5, 2106.5, 2096.5, 2085.5, 2129.5, 2102.0, 2079.0, 2118.5, 2110.0, 1996.0, 2043.0]",25,10,2,0,3,0,0,12,1,1,17,3,0,0
05,2,05/mutation_2,15,"[1948.5, 2016.0, 2067.0, 1745.0, 2050.5, 1975.0, 2046.5, 1790.0, 2054.0, 1999.5, 2034.0, 2020.0, 2014.5, 2031.5, 2005.0]",17,5,2,0,3,0,0,12,1,1,9,3,0,0
05,3,05/mutation_3,15,"[2114.0, 2097.5, 2035.5, 2070.5, 2057.0, 1934.5, 2052.5, 2038.5, 2037.0, 1873.0, 1894.5, 2051.0, 2050.0, 2029.0, 2029.0]",21,5,2,0,0,0,0,12,1,1,11,6,0,0
05,4,05/mutation_4,15,"[1797.0, 1822.5, 1798.5, 1778.5, 1554.0, 1789.0, 1837.0, 1812.0, 1823.0, 1820.0, 1909.5, 1785.0, 1779.5, 1832.5, 1827.0]",18,4,2,0,3,0,0,14,2,2,9,3,0,0
05,5,05/mutation_5,15,"[1853.0, 1996.0, 1921.0, 2077.5, 2127.0, 2024.0, 2013.0, 1870.0, 2069.5, 2001.5, 1839.0, 2052.0, 1992.0, 2009.0, 2020.0]",19,7,2,0,4,0,0,16,1,1,2,3,0,0
05,6,05/mutation_6,15,"[1998.0, 1999.5, 1886.0, 2020.0, 2033.5, 2113.5, 2016.5, 2060.0, 1867.0, 2043.0, 2076.0, 2055.5, 2005.0, 2112.0, 2039.0]",15,6,2,0,3,0,0,10,1,1,9,3,0,0
05,7,05/mutation_7,15,"[2041.0, 1999.5, 1887.5, 1910.5, 1984.0, 1951.0, 1952.5, 2026.0, 2015.0, 1767.5, 1979.0, 1964.5, 2004.0, 1981.0, 1930.0]",17,5,2,0,3,5,0,12,1,1,9,3,0,0
05,8,05/mutation_8,15,"[2119.5, 1962.5, 1923.0, 2152.0, 2172.5, 2177.0, 2140.5, 2140.0, 2155.5, 2147.0, 2166.0, 2104.5, 2092.5, 2037.5, 2182.0]",18,6,2,0,3,0,1,12,1,1,9,3,0,0
06,0,06/base,15,"[635.0, 639.0, 510.5, 644.5, 588.5, 654.5, 649.5, 638.5, 649.5, 663.0, 635.5, 629.0, 666.0, 621.5, 567.0]",6,4,0,0,2,0,0,4,0,0,0,0,0,0
06,1,06/mutation_1,15,"[679.0, 659.5, 663.5, 651.0, 693.0, 626.0, 618.5, 608.0, 551.5, 634.5, 704.5, 648.0, 666.0, 578.5, 665.5]",15,11,0,0,2,0,0,4,0,0,0,0,0,0
06,2,06/mutation_2,15,"[631.5, 549.5, 616.0, 613.0, 609.5, 613.5, 600.5, 624.0, 623.0, 529.5, 587.5, 601.5, 601.0, 590.0, 583.0]",5,4,0,0,4,0,0,4,0,0,0,0,0,0
06,3,06/mutation_3,15,"[663.5, 660.0, 621.0, 644.5, 666.5, 638.5, 636.5, 678.0, 685.5, 644.5, 594.5, 662.5, 648.0, 674.0, 664.5]",8,4,0,0,0,0,0,4,0,0,0,0,0,0
06,4,06/mutation_4,15,"[639.0, 684.0, 657.5, 576.5, 673.5, 648.5, 675.0, 637.0, 674.0, 642.0, 658.0, 662.5, 659.0, 674.0, 672.0]",5,4,2,0,2,1,0,4,2,1,1,2,0,0
06,5,06/mutation_5,15,"[597.0, 626.0, 647.0, 646.5, 638.5, 616.5, 645.0, 613.0, 635.5, 585.5, 582.5, 628.0, 630.5, 629.0, 639.5]",7,5,0,0,2,0,0,5,0,0,0,0,0,0
06,6,06/mutation_6,15,"[639.0, 642.5, 637.5, 625.5, 619.5, 617.0, 639.0, 648.5, 657.0, 626.0, 654.5, 648.0, 626.0, 643.0, 687.5]",7,3,0,0,3,0,0,5,0,0,0,0,0,0
06,7,06/mutation_7,15,"[742.5, 726.5, 703.5, 738.0, 744.0, 731.0, 750.0, 735.5, 737.5, 739.5, 698.0, 714.5, 728.0, 738.0, 626.5]",9,4,0,0,5,0,0,4,0,0,0,0,0,0
06,8,06/mutation_8,15,"[1335.5, 1292.0, 1360.5, 1246.5, 1375.0, 1343.5, 1334.0, 1222.5, 1370.0, 1353.0, 1123.5, 1369.5, 1261.0, 1345.0, 1220.0]",7,5,0,0,2,0,1,4,0,0,0,0,0,0
07,0,07/base,15,"[941.0, 918.5, 937.0, 930.0, 935.5, 950.0, 887.5, 927.0, 929.0, 944.0, 854.5, 946.0, 921.0, 902.5, 912.5]",10,8,0,0,0,0,0,4,0,0,0,0,0,0
07,1,07/mutation_1,15,"[924.0, 957.0, 960.0, 807.5, 823.5, 860.5, 967.5, 927.0, 954.0, 859.0, 917.5, 926.5, 932.5, 951.5, 967.5]",16,13,0,0,0,0,0,4,0,0,0,0,0,0
07,2,07/mutation_2,15,"[911.5, 901.0, 919.0, 914.0, 907.0, 905.5, 811.5, 911.0, 859.0, 902.5, 913.5, 881.5, 920.0, 916.0, 923.0]",8,8,0,0,1,0,0,4,0,0,0,0,0,0
07,3,07/mutation_3,15,"[930.5, 936.5, 901.0, 948.5, 950.5, 934.5, 947.0, 908.0, 971.0, 989.5, 915.0, 945.0, 938.5, 956.0, 967.0]",10,8,0,0,0,0,0,4,0,0,0,3,0,0
07,4,07/mutation_4,15,"[969.0, 968.5, 990.0, 922.0, 947.0, 989.5, 976.0, 994.0, 980.0, 961.0, 947.5, 842.0, 901.5, 920.5, 975.5]",6,6,0,0,0,0,0,4,2,1,0,0,0,0
07,5,07/mutation_5,15,"[837.0, 850.0, 820.0, 809.5, 739.5, 819.5, 830.5, 826.0, 636.0, 807.0, 831.5, 824.0, 712.0, 870.0, 812.5]",6,7,0,0,2,0,0,4,0,0,0,0,0,0
07,6,07/mutation_6,15,"[944.0, 925.0, 929.0, 931.0, 950.5, 922.5, 931.5, 935.5, 874.5, 911.5, 945.5, 969.0, 947.5, 919.5, 867.5]",9,7,0,0,0,0,0,3,0,0,0,0,0,0
07,7,07/mutation_7,15,"[1064.0, 1033.5, 1011.5, 1017.0, 1020.0, 967.5, 1004.5, 971.0, 1031.0, 1023.5, 940.0, 976.5, 1007.0, 1011.0, 1005.5]",16,8,0,0,0,0,0,4,0,0,0,0,0,0
07,8,07/mutation_8,15,"[1412.5, 1535.0, 1482.5, 1243.0, 1323.5, 1499.5, 1505.5, 1496.5, 1544.5, 1514.5, 1504.0, 1539.0, 1459.0, 1432.0, 1407.0]",11,9,0,0,0,0,1,4,0,0,0,0,0,0
08,0,08/base,15,"[1263.5, 1277.5, 1268.5, 1186.0, 1300.5, 1306.5, 1301.5, 1239.0, 1289.5, 1273.5, 1124.0, 1083.0, 1000.0, 936.0, 1291.0]",17,6,0,0,1,3,0,10,0,0,0,3,0,0
08,2,08/mutation_2,15,"[1196.5, 1067.5, 1260.5, 791.5, 1283.0, 1096.0, 1282.0, 1125.5, 1324.5, 906.5, 1297.5, 1313.0, 1304.5, 1043.0, 794.0]",17,6,0,0,1,3,0,10,0,0,0,2,0,0
08,3,08/mutation_3,15,"[1262.5, 1260.5, 1069.5, 1207.0, 981.5, 1277.0, 1275.5, 1068.0, 1026.5, 1231.5, 1153.5, 1288.5, 1335.0, 1042.5, 1287.0]",19,6,0,0,0,3,0,10,0,0,0,3,0,0
08,4,08/mutation_4,15,"[1311.0, 1277.0, 1342.0, 1326.0, 1233.5, 1289.5, 1342.0, 1104.0, 1183.5, 1302.5, 1324.5, 1350.0, 1277.0, 1297.5, 1316.5]",17,5,0,0,1,3,0,10,2,1,0,3,0,0
08,5,08/mutation_5,15,"[590.5, 587.0, 597.5, 582.5, 582.5, 596.0, 619.0, 628.5, 606.0, 597.0, 598.5, 607.0, 596.0, 597.5, 561.0]",15,7,0,0,2,3,0,12,0,0,0,3,0,0
08,7,08/mutation_7,15,"[2383.5, 2416.5, 2380.5, 2405.0, 2316.0, 2420.0, 2416.0, 2397.5, 2319.0, 2371.0, 2437.0, 2204.0, 2144.0, 2409.0, 2228.5]",33,6,0,0,1,3,0,10,0,0,0,3,0,0
08,8,08/mutation_8,15,"[1908.5, 1921.0, 1661.5, 1935.0, 1904.0, 1633.0, 1938.5, 1926.0, 1915.0, 1808.5, 1582.0, 1821.0, 1764.0, 1930.0, 1949.5]",18,7,0,0,1,3,1,10,0,0,0,3,0,0
10,0,10/base,15,"[1377.0, 1428.0, 1389.5, 1366.5, 1410.5, 1320.0, 1381.5, 1365.0, 1341.5, 1413.5, 1412.0, 1390.5, 1429.5, 1457.5, 1181.0]",16,10,2,0,2,0,0,10,0,0,0,0,0,0
10,1,10/mutation_1,15,"[1347.5, 1457.5, 1359.5, 1393.5, 1410.5, 1384.5, 1391.5, 1374.5, 1388.0, 1352.0, 1427.5, 1392.0, 1361.5, 1402.5, 1375.5]",27,18,2,0,2,0,0,10,0,0,0,0,0,0
10,2,10/mutation_2,15,"[1339.5, 1353.5, 1387.0, 1346.5, 1382.5, 1364.5, 1373.5, 1338.0, 1116.5, 1423.5, 1210.0, 1375.5, 1398.5, 1416.5, 1364.5]",16,10,2,0,2,0,0,10,0,0,0,0,0,0
10,3,10/mutation_3,15,"[1375.5, 1304.5, 1180.5, 1361.5, 1477.0, 1399.5, 1369.5, 1323.5, 1339.5, 1170.5, 1291.5, 1258.5, 1251.5, 1112.0, 1095.0]",19,10,2,0,0,0,0,11,0,0,0,2,0,0
10,4,10/mutation_4,15,"[1378.5, 1390.5, 1334.0, 1419.5, 1392.0, 1247.5, 1429.0, 1407.5, 1395.5, 1397.0, 1386.0, 1274.0, 1435.5, 1367.0, 1363.5]",16,4,2,0,2,0,0,12,0,0,0,0,0,0
10,5,10/mutation_5,15,"[1348.5, 1363.0, 1382.5, 1313.0, 1386.5, 1375.5, 1337.5, 1364.0, 1447.0, 1327.5, 1332.5, 1339.5, 1326.5, 1404.5, 1359.0]",16,12,0,0,3,0,0,11,0,0,0,0,0,0
10,6,10/mutation_6,15,"[1147.5, 1181.0, 1332.0, 1386.0, 1387.5, 1363.0, 1313.5, 1252.0, 1364.0, 1394.0, 1352.0, 1384.0, 1335.5, 1420.5, 1362.0]",13,9,0,0,2,0,0,4,0,0,0,0,0,0
10,7,10/mutation_7,15,"[1578.0, 1621.0, 1598.0, 1581.0, 1623.0, 1394.5, 1631.5, 1588.5, 1588.5, 1588.5, 1599.5, 1602.5, 1676.5, 1572.5, 1634.0]",20,10,2,0,2,0,0,14,0,0,0,0,0,0
10,8,10/mutation_8,15,"[1526.5, 1515.5, 1503.0, 1515.5, 1581.5, 1476.0, 1512.0, 1557.5, 1536.0, 1360.5, 1521.0, 1357.5, 1336.0, 1529.0, 1480.5]",17,11,2,0,2,0,1,10,0,0,0,0,0,0
11,0,11/base,15,"[3043.5, 2403.0, 2986.0, 3064.5, 3089.0, 3103.5, 3050.5, 2404.5, 3053.5, 3009.5, 3024.0, 3059.0, 3038.0, 3062.0, 3049.5]",7,4,0,0,0,22,0,17,0,0,0,5,0,0
11,1,11/mutation_1,15,"[3098.0, 3019.0, 3125.0, 1817.5, 3086.5, 3041.5, 3091.5, 3066.5, 3113.5, 3094.0, 3115.0, 2475.5, 3115.5, 3090.0, 3104.0]",11,8,0,0,0,22,0,17,0,0,0,5,0,0
11,2,11/mutation_2,15,"[2863.5, 2960.0, 2999.0, 3062.0, 3045.0, 2958.0, 2980.0, 2997.5, 2984.0, 2962.5, 2988.0, 3026.5, 2972.0, 2989.5, 2999.5]",5,4,0,0,2,23,0,17,0,0,0,6,2,2
11,3,11/mutation_3,15,"[3013.5, 3035.0, 2600.0, 3080.5, 3133.0, 3085.0, 3001.0, 3021.0, 3071.0, 3046.0, 3075.0, 3027.0, 3011.5, 3077.5, 3124.0]",7,4,0,0,0,22,0,17,0,0,0,9,0,0
11,5,11/mutation_5,15,"[3026.0, 2639.5, 2626.5, 3115.0, 3056.0, 3054.5, 3075.0, 3018.0, 2585.0, 3083.0, 2482.5, 3057.0, 3025.0, 3091.0, 3028.5]",10,5,0,0,0,23,0,20,0,0,0,5,0,0
11,6,11/mutation_6,15,"[3008.0, 3044.0, 3006.0, 1791.0, 2745.0, 2401.5, 3100.0, 3028.0, 3056.5, 3045.0, 3073.0, 3077.0, 2761.5, 3040.0, 3034.0]",7,4,0,0,0,26,0,21,0,0,0,17,0,0
11,7,11/mutation_7,15,"[7457.0, 7212.5, 7849.5, 6881.5, 7714.0, 6962.0, 7859.0, 7441.5, 6462.0, 7532.5, 7112.5, 6801.5, 7186.0, 7851.0, 7778.5]",12,5,0,0,0,22,0,17,0,0,0,5,0,0
11,8,11/mutation_8,15,"[3061.0, 3089.5, 3123.5, 2951.5, 2798.0, 3087.5, 3093.5, 3083.5, 3057.5, 3063.5, 1814.5, 3056.5, 1815.0, 3156.0, 3090.5]",8,5,0,0,0,22,1,17,0,0,0,5,0,0
12,0,12/base,15,"[1951.0, 1961.0, 1889.5, 1966.5, 1946.5, 2064.5, 1933.5, 1944.0, 1927.5, 1969.5, 1988.5, 1943.0, 1955.0, 1929.0, 1960.0]",10,5,2,0,3,5,0,13,0,0,0,2,5,2
12,1,12/mutation_1,15,"[1993.5, 1954.5, 1966.5, 1821.5, 1961.0, 1934.0, 1943.0, 1953.5, 2003.0, 2009.5, 1941.5, 1925.0, 1965.0, 1829.0, 1966.5]",13,7,2,0,3,5,0,13,0,0,0,2,5,2
12,2,12/mutation_2,15,"[1943.5, 1978.0, 1948.5, 1904.0, 1976.5, 1943.5, 1954.5, 1975.5, 1957.5, 1924.5, 1963.5, 1961.5, 1967.5, 1915.0, 1948.0]",11,5,2,0,3,5,0,13,0,0,0,2,5,2
12,3,12/mutation_3,15,"[2158.5, 2161.5, 2172.5, 2193.0, 2164.0, 2157.0, 2173.0, 2207.5, 2154.0, 2182.0, 2168.0, 2159.5, 2167.5, 2220.0, 2177.0]",14,5,2,0,0,5,0,15,0,0,0,5,6,2
12,4,12/mutation_4,15,"[1608.0, 1593.5, 1596.0, 1592.0, 1603.0, 1594.0, 1583.0, 1608.5, 1573.0, 1578.0, 1593.5, 1569.0, 1580.0, 1586.5, 1622.5]",10,5,2,0,3,5,0,14,1,1,0,2,5,2
12,5,12/mutation_5,15,"[1945.5, 1974.0, 1962.5, 1990.5, 1952.0, 1984.5, 1976.5, 1991.5, 1949.0, 1948.5, 1949.5, 1983.0, 1957.0, 1956.0, 1849.5]",16,5,2,0,3,8,0,14,0,0,0,2,0,0
12,6,12/mutation_6,15,"[1781.5, 1867.0, 1976.0, 1965.0, 1957.5, 1949.5, 1964.0, 1945.0, 1927.5, 1934.5, 1793.5, 1930.5, 1954.5, 1948.5, 1963.0]",15,5,2,0,3,7,0,13,0,0,0,2,0,0
12,7,12/mutation_7,15,"[2090.0, 2010.0, 2066.5, 2058.0, 2049.0, 2023.0, 2076.0, 2046.0, 2049.0, 2038.5, 2026.0, 2028.5, 2036.5, 2028.0, 2028.0]",13,5,2,0,3,5,0,13,0,0,0,2,5,2
12,8,12/mutation_8,15,"[2779.5, 2678.5, 2822.0, 2798.5, 2796.5, 2670.0, 2802.5, 2774.5, 2528.5, 2788.0, 2799.0, 2803.5, 2789.5, 2757.5, 2744.5]",11,6,2,0,3,5,1,13,0,0,0,2,5,2
13,0,13/base,15,"[697.5, 703.0, 701.5, 723.0, 695.0, 711.0, 700.0, 689.0, 701.0, 718.5, 723.5, 696.5, 696.5, 694.0, 690.5]",4,4,0,0,1,0,0,3,0,0,0,0,0,0
13,1,13/mutation_1,15,"[703.5, 715.5, 707.5, 708.0, 730.5, 717.5, 720.5, 724.5, 700.5, 730.0, 716.5, 707.0, 722.5, 715.5, 729.0]",10,7,0,0,1,0,0,3,0,0,0,0,0,0
13,2,13/mutation_2,15,"[313.0, 307.0, 317.0, 316.0, 313.0, 319.5, 320.0, 329.5, 315.0, 308.0, 335.5, 313.0, 304.5, 299.0, 317.5]",0,1,0,1,1,0,0,1,0,0,0,0,0,0
13,3,13/mutation_3,15,"[1841.5, 1755.0, 1843.0, 1772.0, 1756.0, 1773.0, 1801.5, 1796.5, 1751.5, 1763.0, 1787.5, 1759.0, 1754.5, 1753.5, 1762.5]",26,10,0,0,0,1,0,8,2,1,7,8,0,0
13,4,13/mutation_4,15,"[706.0, 707.0, 710.5, 693.5, 706.5, 707.0, 730.0, 711.0, 716.5, 701.5, 710.0, 697.0, 721.0, 701.0, 691.5]",4,4,0,0,1,0,0,3,0,0,0,0,0,0
13,5,13/mutation_5,15,"[726.0, 747.0, 702.0, 706.0, 722.0, 703.0, 718.5, 712.5, 695.0, 709.5, 697.5, 710.5, 690.5, 711.0, 693.5]",5,5,0,0,1,0,0,4,0,0,0,0,0,0
13,6,13/mutation_6,15,"[1724.0, 1729.0, 1706.0, 1742.0, 1749.0, 1722.0, 1739.0, 1748.0, 1718.5, 1736.0, 1712.5, 1746.0, 1754.0, 1732.0, 1727.0]",18,10,0,0,3,1,0,4,1,1,4,7,0,0
13,7,13/mutation_7,15,"[1475.0, 1490.5, 1462.5, 1456.0, 1468.0, 1448.0, 1551.5, 1473.5, 1466.5, 1463.5, 1464.5, 1466.0, 1466.5, 1442.0, 1463.0]",4,3,2,0,1,0,0,3,1,1,0,1,0,0
13,8,13/mutation_8,15,"[1158.0, 1217.0, 1154.5, 1173.0, 1148.0, 1200.0, 1189.0, 1184.5, 1163.5, 1167.5, 1180.5, 1162.0, 1156.5, 1166.0, 1155.0]",5,5,0,0,1,0,1,3,0,0,0,0,0,0
14,0,14/base,15,"[2886.5, 2899.0, 2864.5, 2884.5, 2880.5, 2883.5, 2921.0, 2858.0, 2852.5, 2876.5, 2918.5, 2921.0, 2897.5, 2866.0, 2858.5]",28,8,0,0,0,0,0,11,3,1,6,9,0,0
14,1,14/mutation_1,15,"[2920.0, 2853.5, 2920.0, 2940.5, 2899.0, 2908.0, 2889.0, 2902.5, 2915.5, 2905.0, 2920.5, 2881.0, 2853.5, 2930.5, 2942.0]",39,11,0,0,0,0,0,11,3,1,6,9,0,0
14,2,14/mutation_2,15,"[2862.5, 2896.0, 2873.0, 2889.0, 2926.5, 2909.5, 2880.5, 2873.5, 2872.5, 2925.5, 2890.0, 2859.5, 2828.5, 2862.5, 2897.5]",27,8,0,0,1,0,0,11,3,1,6,9,0,0
14,3,14/mutation_3,15,"[2872.0, 2850.5, 2872.5, 2851.5, 2855.0, 2877.5, 2898.0, 2896.5, 2852.0, 2873.0, 2919.5, 2890.0, 2907.5, 2877.5, 2899.5]",28,8,0,0,0,0,0,11,3,1,6,12,0,0
14,4,14/mutation_4,15,"[2898.0, 2961.0, 2904.5, 2857.0, 2965.5, 2857.0, 2901.5, 2945.0, 2892.0, 2924.0, 2911.5, 2867.0, 2907.5, 2873.5, 2862.5]",28,8,0,0,0,0,0,11,6,1,6,9,0,0
14,5,14/mutation_5,15,"[2945.0, 2871.5, 2840.0, 2874.0, 2866.0, 2868.0, 2875.5, 2909.5, 2862.5, 2854.5, 2888.0, 2879.0, 2874.0, 2853.0, 2865.5]",26,9,0,0,1,0,0,12,2,1,4,7,0,0
14,6,14/mutation_6,15,"[2917.0, 2873.0, 2856.5, 2873.0, 2869.0, 2890.0, 2884.0, 2863.0, 2921.5, 2946.5, 2890.5, 2928.0, 2844.0, 2864.0, 2916.5]",24,8,0,0,0,0,0,6,3,1,6,9,0,0
14,7,14/mutation_7,15,"[9095.5, 9019.5, 9209.5, 9095.5, 9068.0, 9177.5, 9102.0, 9063.0, 9187.0, 9051.0, 9179.0, 9215.0, 9094.0, 9156.0, 9040.5]",11,4,0,0,0,5,0,11,3,1,6,9,17,6
14,8,14/mutation_8,15,"[2925.5, 2922.0, 2908.0, 2938.0, 2928.5, 2908.0, 2904.0, 2938.5, 2901.0, 2912.5, 2903.5, 2916.0, 2942.0, 2913.5, 2920.0]",29,9,0,0,0,0,1,11,3,1,6,9,0,0
15,0,15/base,15,"[395.5, 407.0, 388.5, 413.0, 391.0, 405.5, 390.0, 391.0, 394.5, 404.0, 396.5, 396.0, 404.0, 384.0, 398.0]",2,2,0,0,0,0,0,1,0,0,0,0,0,0
15,1,15/mutation_1,15,"[418.0, 406.0, 429.5, 396.0, 419.0, 411.5, 409.5, 409.5, 411.0, 414.0, 410.0, 412.5, 407.5, 406.0, 409.5]",5,5,0,0,0,0,0,1,0,0,0,0,0,0
15,2,15/mutation_2,15,"[416.0, 408.0, 411.0, 411.0, 408.5, 417.0, 423.5, 391.5, 427.5, 397.5, 401.5, 414.0, 416.5, 404.0, 396.5]",3,3,0,0,1,0,0,1,0,0,0,0,0,0
15,3,15/mutation_3,15,"[408.5, 405.5, 400.0, 405.5, 398.5, 396.0, 407.5, 386.0, 400.5, 401.5, 403.5, 400.5, 390.0, 409.0, 399.5]",2,2,0,0,0,0,0,1,0,0,0,1,0,0
15,4,15/mutation_4,15,"[409.0, 405.5, 405.5, 404.5, 399.0, 400.0, 408.5, 402.0, 403.5, 400.5, 426.5, 410.0, 411.5, 410.5, 393.5]",3,2,2,0,0,0,0,2,1,1,0,0,0,0
15,6,15/mutation_6,15,"[405.5, 412.0, 399.0, 396.0, 414.5, 411.0, 388.5, 403.0, 411.5, 396.5, 407.5, 396.0, 405.0, 403.5, 397.5]",3,3,0,0,0,0,0,1,0,0,0,0,0,0
15,7,15/mutation_7,15,"[409.0, 406.0, 413.5, 418.5, 416.0, 413.0, 414.0, 412.5, 404.5, 415.0, 416.5, 416.0, 417.5, 405.0, 415.5]",3,3,0,0,3,0,0,1,0,0,0,0,0,0
15,8,15/mutation_8,15,"[760.5, 759.0, 734.0, 751.0, 742.0, 742.0, 743.0, 763.5, 735.0, 750.0, 761.5, 745.0, 736.0, 743.5, 743.5]",3,3,0,0,0,0,1,1,0,0,0,0,0,0
16,0,16/base,15,"[1690.0, 1655.0, 1634.5, 1655.5, 1621.5, 1619.0, 1635.0, 1662.5, 1610.5, 1628.0, 1665.0, 1615.5, 1620.0, 1638.0, 1641.5]",11,5,0,0,3,0,0,20,0,0,0,11,0,0
16,1,16/mutation_1,15,"[1634.5, 1650.0, 1648.0, 1651.0, 1629.0, 1634.0, 1642.0, 1654.0, 1644.0, 1639.5, 1639.0, 1648.5, 1648.0, 1655.5, 1631.0]",14,8,0,0,3,0,0,20,0,0,0,11,0,0
16,2,16/mutation_2,15,"[1616.5, 1620.0, 1708.0, 1649.0, 1630.0, 1613.5, 1652.0, 1670.5, 1635.5, 1610.0, 1704.5, 1625.5, 1694.5, 1621.0, 1590.5]",8,5,0,0,4,0,0,20,0,0,0,10,0,0
16,3,16/mutation_3,15,"[1702.0, 1656.5, 1642.0, 1634.5, 1679.0, 1646.0, 1738.5, 1661.5, 1698.5, 1698.0, 1654.5, 1653.0, 1648.0, 1697.5, 1664.5]",14,5,0,0,0,0,0,20,0,0,0,16,0,0
16,4,16/mutation_4,15,"[1642.0, 1649.5, 1628.5, 1606.5, 1626.0, 1638.0, 1645.5, 1650.0, 1624.0, 1635.0, 1627.5, 1622.0, 1629.0, 1724.0, 1609.5]",11,4,2,0,3,0,0,20,0,0,0,11,0,0
16,5,16/mutation_5,15,"[1635.5, 1621.5, 1644.5, 1632.5, 1640.0, 1706.0, 1634.0, 1681.5, 1638.0, 1655.5, 1637.0, 1654.5, 1632.5, 1637.0, 1638.5]",10,6,0,0,4,0,0,24,0,0,0,10,0,0
16,7,16/mutation_7,15,"[3496.5, 3512.0, 3560.5, 3446.0, 3446.0, 3465.5, 3536.0, 3460.0, 3503.0, 3468.0, 3467.5, 3461.0, 3459.0, 3403.5, 3594.0]",12,6,0,0,3,4,0,20,0,0,0,11,0,0
16,8,16/mutation_8,15,"[1715.0, 1651.5, 1681.0, 1658.5, 1659.0, 1649.0, 1628.5, 1661.5, 1713.0, 1679.0, 1671.5, 1684.5, 1638.0, 1695.5, 1680.0]",12,6,0,0,3,0,1,20,0,0,0,11,0,0
17,0,17/base,15,"[2184.5, 2280.5, 2182.5, 2179.0, 2171.5, 2261.5, 2212.5, 2182.0, 2248.5, 2222.0, 2170.0, 2190.0, 2316.0, 2188.5, 2227.0]",13,8,2,0,0,5,0,3,0,0,2,69,69,7
17,1,17/mutation_1,15,"[2211.5, 2209.5, 2223.0, 2197.0, 2258.0, 2207.0, 2186.5, 2190.0, 2168.0, 2213.5, 2217.0, 2208.5, 2197.5, 2198.5, 2217.0]",21,11,2,0,0,5,0,3,0,0,10,69,69,7
17,2,17/mutation_2,15,"[2193.5, 2173.0, 2168.0, 2218.5, 2272.5, 2154.0, 2216.5, 2169.5, 2167.0, 2194.0, 2204.5, 2224.0, 2188.0, 2182.0, 2155.5]",13,8,2,0,0,5,0,3,0,0,2,69,69,7
17,3,17/mutation_3,15,"[2180.5, 2194.0, 2227.0, 2196.5, 2198.5, 2174.0, 2170.5, 2163.5, 2203.0, 2167.0, 2188.5, 2246.0, 2184.0, 2169.5, 2165.5]",13,8,2,0,0,5,0,3,0,0,2,85,69,7
17,4,17/mutation_4,15,"[2196.5, 2214.0, 2191.0, 2182.0, 2180.0, 2213.0, 2174.5, 2218.5, 2186.5, 2201.0, 2186.5, 2210.0, 2184.5, 2220.0, 2265.0]",13,8,2,0,0,5,0,3,0,0,2,69,69,7
17,5,17/mutation_5,15,"[1880.0, 1917.5, 1874.0, 1902.0, 1882.0, 1893.5, 1886.5, 1886.0, 1915.5, 1869.0, 1889.0, 1876.5, 1856.0, 1867.5, 1915.5]",32,15,2,0,2,0,0,6,0,0,4,17,0,0
17,6,17/mutation_6,15,"[2234.5, 2194.0, 2206.0, 2184.0, 2205.5, 2179.5, 2220.0, 2256.0, 2201.0, 2164.5, 2190.5, 2187.0, 2178.0, 2147.5, 2188.5]",84,15,2,0,0,0,0,3,0,0,64,69,0,0
17,7,17/mutation_7,15,"[2364.5, 2353.5, 2344.0, 2288.0, 2283.5, 2339.0, 2310.0, 2334.0, 2420.5, 2346.0, 2443.0, 2330.5, 2357.0, 2414.5, 2316.5]",13,8,2,0,0,5,0,3,0,0,2,93,93,7
17,8,17/mutation_8,15,"[2281.0, 2257.0, 2261.0, 2266.0, 2270.5, 2277.0, 2249.0, 2269.5, 2248.0, 2306.0, 2252.0, 2264.5, 2246.0, 2259.5, 2243.5]",14,9,2,0,0,5,1,3,0,0,2,69,69,7
18,0,18/base,15,"[1051.5, 1042.0, 1059.5, 1042.0, 1040.5, 1041.0, 1041.5, 1085.5, 1046.5, 1026.5, 1035.5, 1046.5, 1062.0, 1037.5, 1033.0]",1,1,2,0,0,2,0,3,2,2,25,17,28,16
18,1,18/mutation_1,15,"[1051.5, 1067.0, 1063.0, 1081.0, 1050.0, 1072.5, 1062.5, 1060.5, 1224.5, 1101.5, 1068.5, 1058.5, 1096.0, 1048.0, 1054.5]",1,1,2,0,0,2,0,3,2,2,28,17,31,16
18,2,18/mutation_2,15,"[1048.0, 1037.0, 1047.0, 1044.0, 1039.0, 1045.5, 1059.5, 1053.0, 1051.0, 1041.5, 1038.5, 1046.5, 1030.0, 1061.5, 1034.0]",1,1,2,0,1,2,0,3,2,2,24,17,27,16
18,3,18/mutation_3,15,"[1036.5, 1040.0, 1044.5, 1042.0, 1052.5, 1053.5, 1041.0, 1040.0, 1058.5, 1043.0, 1044.5, 1047.0, 1044.5, 1052.5, 1029.0]",1,1,2,0,0,2,0,3,2,2,25,25,28,16
18,4,18/mutation_4,15,"[571.0, 574.0, 576.0, 634.0, 565.5, 612.0, 592.0, 565.5, 563.0, 558.5, 559.0, 584.0, 579.5, 603.5, 606.5]",2,2,2,0,0,0,0,1,1,1,0,0,0,0
18,5,18/mutation_5,15,"[1048.0, 1073.5, 1048.0, 1046.0, 1048.0, 1038.0, 1055.0, 1045.0, 1052.5, 1049.0, 1048.0, 1029.0, 1047.5, 1060.0, 1039.5]",33,20,2,0,0,0,0,7,2,1,2,17,0,0
18,6,18/mutation_6,15,"[1032.0, 1066.0, 1048.0, 1030.5, 1066.0, 1018.5, 1034.5, 1031.5, 1030.5, 1056.0, 1036.5, 1048.0, 1035.5, 1025.5, 1036.5]",29,16,2,0,0,2,0,3,2,2,25,17,0,0
18,7,18/mutation_7,15,"[1508.5, 1481.5, 1502.0, 1511.5, 1514.0, 1550.5, 1519.0, 1516.5, 1500.5, 1503.0, 1528.0, 1521.0, 1500.5, 1496.5, 1516.5]",1,1,2,0,0,5,0,3,2,2,25,17,28,16
18,8,18/mutation_8,15,"[1104.5, 1118.0, 1083.5, 1111.5, 1081.0, 1103.5, 1096.5, 1085.5, 1084.5, 1087.0, 1107.0, 1096.0, 1098.5, 1091.5, 1084.5]",2,2,2,0,0,2,1,3,2,2,25,17,28,16
19,0,19/base,15,"[1284.0, 1304.5, 1274.0, 1251.5, 1282.0, 1276.5, 1263.5, 1276.5, 1277.5, 1292.0, 1269.5, 1277.5, 1288.5, 1272.5, 1262.0]",5,5,0,0,0,0,0,1,0,0,0,5,0,0
19,1,19/mutation_1,15,"[1306.0, 1299.5, 1293.5, 1303.5, 1306.5, 1295.0, 1308.5, 1306.5, 1301.0, 1298.0, 1342.0, 1313.5, 1307.0, 1306.5, 1304.5]",12,12,0,0,0,0,0,1,0,0,0,5,0,0
19,2,19/mutation_2,15,"[1275.0, 1284.5, 1282.5, 1264.5, 1249.0, 1293.5, 1304.0, 1276.0, 1276.5, 1263.0, 1296.5, 1264.0, 1251.5, 1261.5, 1252.0]",5,5,0,0,0,0,0,1,0,0,0,4,0,0
19,3,19/mutation_3,15,"[1327.5, 1276.5, 1290.0, 1278.5, 1255.0, 1278.5, 1245.5, 1258.5, 1280.0, 1300.0, 1273.5, 1280.5, 1282.0, 1259.0, 1272.5]",5,5,0,0,0,0,0,1,0,0,0,5,0,0
19,4,19/mutation_4,15,"[1297.0, 1285.0, 1294.5, 1301.0, 1304.0, 1305.0, 1296.5, 1340.0, 1312.5, 1284.5, 1298.0, 1301.5, 1319.0, 1314.0, 1324.0]",6,6,2,0,0,0,0,1,1,1,1,5,0,0
19,5,19/mutation_5,15,"[1286.0, 1271.0, 1288.0, 1293.5, 1282.5, 1247.0, 1281.5, 1267.0, 1255.0, 1280.5, 1276.0, 1273.0, 1330.0, 1282.5, 1260.0]",8,6,0,0,0,0,0,4,0,0,0,5,0,0
19,6,19/mutation_6,15,"[1257.0, 1269.5, 1264.0, 1251.5, 1274.5, 1300.0, 1255.0, 1315.0, 1295.5, 1256.5, 1268.0, 1279.0, 1278.5, 1270.0, 1260.5]",5,5,0,0,0,0,0,1,0,0,0,5,0,0
19,7,19/mutation_7,15,"[2374.5, 2362.5, 2374.0, 2324.5, 2364.5, 2351.0, 2368.5, 2298.0, 2384.0, 2343.0, 2339.0, 2358.5, 2354.0, 2334.5, 2309.5]",10,6,0,0,0,0,0,1,0,0,0,5,0,0
19,8,19/mutation_8,15,"[1330.5, 1324.5, 1315.5, 1318.5, 1316.5, 1320.5, 1333.5, 1345.0, 1322.5, 1317.5, 1347.5, 1360.5, 1336.0, 1317.5, 1338.0]",6,6,0,0,0,0,1,1,0,0,0,5,0,0
20,0,20/base,15,"[402.5, 409.5, 386.5, 416.0, 403.0, 407.5, 466.5, 417.5, 466.5, 403.5, 410.0, 402.0, 441.5, 431.0, 444.5]",1,1,0,0,0,1,0,2,0,0,0,5,2,2
20,1,20/mutation_1,15,"[478.0, 417.5, 412.0, 480.5, 413.5, 421.5, 424.5, 471.0, 458.5, 418.0, 413.0, 407.0, 440.5, 438.5, 435.0]",4,4,0,0,0,1,0,2,0,0,0,5,6,6
20,2,20/mutation_2,15,"[390.0, 390.0, 376.0, 370.5, 371.0, 370.0, 386.0, 368.5, 388.5, 430.0, 376.5, 409.0, 392.0, 373.5, 400.0]",1,1,0,0,1,1,0,2,0,0,0,2,1,2
20,3,20/mutation_3,15,"[408.5, 395.0, 435.5, 437.0, 435.0, 432.0, 457.5, 459.0, 406.0, 407.0, 399.5, 425.0, 430.0, 402.5, 406.5]",1,1,0,0,0,1,0,2,0,0,0,10,2,2
20,4,20/mutation_4,15,"[471.5, 431.0, 481.0, 460.5, 466.5, 439.0, 416.0, 454.0, 421.0, 435.5, 459.0, 423.0, 422.5, 442.5, 449.0]",3,3,2,0,0,0,0,2,1,1,1,3,0,0
20,5,20/mutation_5,15,"[375.5, 379.5, 377.5, 357.0, 374.5, 391.5, 419.5, 390.5, 405.5, 427.0, 372.5, 366.0, 363.0, 382.0, 409.5]",2,2,0,0,1,0,0,3,0,0,0,3,0,0
20,6,20/mutation_6,15,"[462.0, 461.5, 440.0, 424.5, 404.5, 400.5, 429.5, 398.5, 433.5, 404.0, 431.5, 402.0, 442.0, 460.0, 453.0]",3,3,0,0,0,0,0,2,0,0,0,5,0,0
20,7,20/mutation_7,15,"[492.0, 502.5, 490.0, 440.5, 502.5, 507.0, 484.5, 461.0, 455.0, 513.0, 440.0, 481.0, 462.5, 509.0, 443.5]",2,2,0,0,0,4,0,2,0,0,0,5,2,2
20,8,20/mutation_8,15,"[773.5, 756.5, 775.0, 780.0, 760.5, 770.0, 769.5, 737.5, 769.0, 767.0, 785.0, 816.0, 744.0, 774.0, 743.0]",2,2,0,0,0,1,1,2,0,0,0,5,2,2
21,0,21/base,15,"[727.0, 736.5, 729.0, 722.0, 740.0, 721.5, 739.5, 726.0, 726.5, 733.5, 760.0, 735.0, 739.0, 735.5, 731.5]",33,10,0,0,0,5,0,12,1,1,16,29,0,0
21,1,21/mutation_1,15,"[742.5, 742.0, 750.5, 745.0, 741.0, 734.0, 744.0, 753.5, 747.5, 743.5, 762.0, 790.0, 747.5, 750.5, 743.5]",36,10,0,0,0,9,0,12,1,1,19,29,0,0
21,2,21/mutation_2,15,"[736.0, 743.5, 729.0, 717.0, 744.0, 730.5, 755.0, 741.0, 763.0, 749.0, 738.0, 730.0, 724.5, 732.5, 772.0]",32,10,0,0,1,5,0,12,1,1,15,29,0,0
21,3,21/mutation_3,15,"[735.5, 766.5, 726.0, 728.5, 743.0, 763.5, 733.5, 733.5, 759.0, 742.5, 722.5, 751.0, 727.0, 744.0, 745.5]",33,10,0,0,0,5,0,12,1,1,16,29,0,0
21,4,21/mutation_4,15,"[738.0, 748.5, 739.5, 735.0, 730.5, 745.0, 738.5, 733.0, 742.0, 715.5, 753.0, 711.5, 747.0, 732.5, 741.0]",33,10,0,0,0,6,0,13,1,1,16,29,0,0
21,5,21/mutation_5,15,"[731.5, 744.0, 745.5, 759.5, 735.0, 747.5, 747.0, 738.5, 739.5, 742.0, 739.5, 756.5, 788.5, 748.5, 733.5]",35,12,0,0,1,0,0,17,1,1,3,25,0,0
21,6,21/mutation_6,15,"[749.5, 766.0, 743.0, 739.0, 727.0, 736.0, 735.0, 732.5, 741.0, 738.0, 752.0, 741.0, 731.0, 728.0, 727.0]",48,12,0,0,0,0,0,29,1,1,21,29,0,0
21,7,21/mutation_7,15,"[796.5, 798.5, 803.5, 797.5, 798.5, 839.5, 810.0, 794.0, 827.0, 809.0, 811.5, 788.0, 795.5, 820.0, 802.0]",36,10,0,0,0,10,0,14,1,1,16,32,0,0
21,8,21/mutation_8,15,"[1117.0, 1268.5, 1104.0, 1100.5, 1118.0, 1127.0, 1100.0, 1196.5, 1197.5, 1107.5, 1270.5, 1243.5, 1105.0, 1098.5, 1196.5]",34,11,0,0,0,5,1,12,1,1,16,29,0,0
22,0,22/base,15,"[2625.0, 2644.5, 2659.0, 2633.0, 2650.0, 2667.5, 2504.0, 2622.5, 2666.5, 2632.5, 2620.5, 2654.5, 2635.5, 2626.0, 2652.0]",5,5,2,0,0,5,0,17,1,1,16,52,65,11
22,1,22/mutation_1,15,"[2653.0, 2651.5, 2654.5, 2652.5, 2654.5, 2651.0, 2642.0, 2465.5, 2692.0, 2642.5, 2664.0, 2576.5, 2654.0, 2495.0, 2642.0]",20,11,2,0,0,5,0,17,1,1,16,52,65,11
22,2,22/mutation_2,15,"[2622.5, 2630.0, 2654.0, 2615.5, 2628.0, 2534.0, 2639.0, 2632.0, 2613.5, 2613.0, 2653.0, 2621.5, 2590.0, 2663.0, 2613.5]",5,5,2,0,1,5,0,17,1,1,15,52,64,11
22,3,22/mutation_3,15,"[2601.5, 2660.0, 2645.0, 2644.0, 2619.0, 2627.5, 2474.0, 2632.0, 2638.5, 2432.0, 2651.0, 2640.5, 2490.5, 2618.0, 2643.0]",5,5,2,0,0,5,0,17,1,1,16,58,65,11
22,4,22/mutation_4,15,"[2642.5, 2609.0, 2472.5, 2613.5, 2630.0, 2613.0, 2624.5, 2631.0, 2616.5, 2627.0, 2486.0, 2632.0, 2627.0, 2630.5, 2621.0]",6,6,0,0,0,5,0,17,1,1,16,52,65,11
22,5,22/mutation_5,15,"[2487.0, 2644.0, 2653.5, 2640.5, 2661.0, 2657.5, 2656.5, 2655.5, 2639.5, 2637.0, 2695.5, 2636.5, 2655.5, 2660.0, 2622.5]",76,17,2,0,0,17,0,23,1,1,16,52,0,0
22,6,22/mutation_6,15,"[2663.5, 2631.0, 2689.0, 2625.0, 2643.0, 2638.5, 2635.5, 2611.0, 2624.5, 2606.0, 2637.0, 2646.5, 2617.5, 2680.5, 2626.5]",70,11,2,0,0,17,0,17,1,1,16,52,0,0
22,7,22/mutation_7,15,"[1285.0, 1274.5, 1301.0, 1296.5, 1271.0, 1297.5, 1288.5, 1284.0, 1264.5, 1324.0, 1292.5, 1276.0, 1311.0, 1323.5, 1283.5]",5,5,2,0,0,8,0,17,1,1,16,52,65,11
22,8,22/mutation_8,15,"[2714.0, 2705.5, 2720.5, 2698.5, 2721.5, 2712.5, 2720.5, 2716.0, 2725.0, 2728.5, 2734.5, 2719.5, 2716.0, 2732.5, 2685.0]",6,6,2,0,0,5,1,17,1,1,16,52,65,11
23,0,23/base,15,"[2386.0, 2424.5, 2518.0, 2388.5, 2441.0, 2472.5, 2580.0, 2444.5, 2391.5, 2542.5, 2401.5, 2384.5, 2412.0, 2548.5, 2429.0]",6,6,2,0,0,3,0,5,0,0,0,42,52,10
23,1,23/mutation_1,15,"[2488.5, 2478.0, 2506.0, 2537.5, 2472.0, 2445.5, 2521.0, 2471.5, 2449.5, 2531.0, 2453.5, 2532.0, 2500.0, 2524.5, 2605.5]",6,6,2,0,0,3,0,5,0,0,0,42,81,15
23,2,23/mutation_2,15,"[2416.0, 2532.5, 2385.5, 2415.0, 2413.0, 2370.0, 2460.0, 2431.5, 2444.0, 2373.0, 2454.5, 2444.0, 2379.0, 2467.5, 2495.0]",6,6,2,0,6,3,0,5,0,0,0,39,44,9
23,3,23/mutation_3,15,"[2456.5, 2565.0, 2469.0, 2470.5, 2511.0, 2390.0, 2422.5, 2529.5, 2435.0, 2461.0, 2415.0, 2516.5, 2445.0, 2387.0, 2592.5]",6,6,2,0,0,3,0,5,0,0,0,48,52,10
23,4,23/mutation_4,15,"[2616.0, 2511.0, 2612.5, 2536.0, 2721.0, 2496.5, 2505.0, 2558.5, 2540.5, 2521.5, 2551.5, 2536.5, 2564.5, 2540.5, 2541.5]",7,7,2,0,0,1,0,1,1,1,0,2,6,6
23,5,23/mutation_5,15,"[2584.5, 2400.0, 2488.0, 2478.5, 2561.0, 2549.0, 2452.5, 2522.0, 2462.5, 2471.5, 2427.5, 2502.5, 2482.0, 2511.5, 2433.0]",60,17,2,0,0,1,0,9,0,0,0,42,2,2
23,6,23/mutation_6,15,"[2472.0, 2448.0, 2459.0, 2492.0, 2498.5, 2489.0, 2428.5, 2436.0, 2464.5, 2430.5, 2488.0, 2423.5, 2486.5, 2484.5, 2533.5]",62,17,2,0,0,1,0,5,0,0,0,42,0,0
23,7,23/mutation_7,15,"[2539.5, 2523.5, 2451.5, 2492.5, 2509.5, 2472.5, 2484.0, 2531.5, 2504.0, 2481.0, 2493.5, 2516.5, 2488.5, 2487.5, 2487.0]",6,6,2,0,0,6,0,5,0,0,0,42,52,10
23,8,23/mutation_8,15,"[2506.5, 2583.5, 2534.0, 2511.5, 2510.0, 2553.0, 2504.0, 2577.5, 2533.0, 2491.0, 2515.5, 2449.0, 2446.0, 2556.0, 2473.0]",7,7,2,0,0,3,1,5,0,0,0,42,52,10
24,0,24/base,15,"[892.5, 902.0, 865.0, 891.0, 886.5, 887.5, 879.0, 896.0, 898.5, 883.5, 914.5, 898.5, 884.0, 882.0, 912.0]",6,4,0,0,0,2,0,5,1,1,4,2,4,4
24,1,24/mutation_1,15,"[881.5, 880.0, 889.5, 874.5, 902.0, 878.5, 888.0, 873.0, 887.5, 901.5, 894.5, 885.0, 887.5, 910.5, 902.5]",10,8,0,0,0,2,0,5,1,1,4,2,4,4
24,2,24/mutation_2,15,"[895.5, 871.5, 874.5, 871.0, 887.0, 873.0, 886.0, 863.0, 883.5, 902.5, 894.0, 870.5, 862.5, 862.0, 885.5]",6,4,0,0,0,2,0,5,1,1,4,2,4,4
24,3,24/mutation_3,15,"[893.5, 865.0, 877.0, 886.0, 894.5, 897.0, 928.0, 896.5, 901.0, 877.5, 886.0, 868.5, 867.0, 889.5, 899.0]",6,4,0,0,0,2,0,5,1,1,4,2,4,4
24,4,24/mutation_4,15,"[881.5, 862.0, 868.5, 875.5, 875.0, 884.0, 874.5, 885.0, 872.0, 888.5, 892.0, 900.5, 902.0, 879.5, 882.0]",6,4,0,0,0,2,0,6,1,1,4,2,4,4
24,5,24/mutation_5,15,"[874.0, 883.5, 877.0, 876.0, 925.0, 882.5, 865.5, 880.5, 875.5, 890.5, 868.5, 886.0, 887.0, 888.5, 856.0]",9,8,0,0,1,1,0,6,1,1,2,1,0,0
24,6,24/mutation_6,15,"[891.5, 882.0, 889.0, 905.0, 883.0, 879.5, 928.5, 879.5, 875.0, 891.0, 872.0, 892.0, 892.0, 885.5, 890.0]",10,8,0,0,0,1,0,5,1,1,4,2,0,0
24,7,24/mutation_7,15,"[1831.5, 1860.5, 1846.5, 1817.0, 1865.0, 1809.0, 1880.0, 1808.5, 1826.0, 1820.0, 1792.0, 1823.0, 1827.5, 1874.5, 1885.5]",4,2,0,0,0,6,0,5,1,1,4,2,7,4
24,8,24/mutation_8,15,"[1254.5, 1303.5, 1276.5, 1235.5, 1294.5, 1308.0, 1274.0, 1267.0, 1251.5, 1250.5, 1256.0, 1269.0, 1302.0, 1263.0, 1252.5]",7,5,0,0,0,2,1,5,1,1,4,2,4,4
25,0,25/base,15,"[604.5, 385.0, 598.5, 557.5, 600.0, 568.0, 529.5, 508.0, 604.0, 379.0, 545.0, 580.0, 594.5, 586.0, 595.0]",2,2,0,0,0,0,0,4,0,0,0,0,0,0
25,1,25/mutation_1,15,"[625.5, 397.5, 601.0, 611.0, 567.0, 582.5, 593.5, 583.5, 404.5, 619.5, 580.5, 577.0, 616.0, 602.5, 583.0]",5,5,0,0,0,0,0,4,0,0,0,0,0,0
25,2,25/mutation_2,15,"[580.0, 576.0, 561.0, 510.5, 598.0, 600.0, 523.5, 607.5, 550.0, 578.5, 552.5, 546.0, 539.5, 562.5, 580.5]",4,4,0,0,0,0,0,4,0,0,0,0,0,0
25,3,25/mutation_3,15,"[560.5, 589.0, 589.5, 600.5, 578.0, 512.5, 559.0, 548.0, 585.0, 571.5, 564.5, 568.0, 556.0, 590.5, 613.5]",2,2,0,0,0,0,0,4,0,0,0,0,0,0
25,4,25/mutation_4,15,"[588.5, 562.0, 581.5, 394.0, 586.0, 596.0, 619.5, 600.5, 614.0, 614.5, 590.0, 594.0, 598.5, 610.0, 395.0]",3,2,2,0,0,0,0,5,1,1,0,0,0,0
25,5,25/mutation_5,15,"[585.0, 595.0, 576.5, 618.0, 445.0, 609.0, 616.5, 622.5, 602.0, 396.5, 552.5, 576.0, 560.5, 536.0, 593.5]",3,3,0,0,0,0,0,5,0,0,0,0,0,0
25,6,25/mutation_6,15,"[602.5, 577.5, 536.5, 586.5, 580.5, 574.0, 392.0, 584.5, 609.5, 581.5, 384.0, 608.0, 523.0, 559.5, 381.0]",1,1,0,0,0,0,0,3,0,0,0,0,0,0
25,7,25/mutation_7,15,"[430.5, 649.0, 599.5, 583.5, 618.0, 637.5, 671.0, 636.0, 628.0, 655.5, 599.0, 613.0, 605.5, 638.5, 622.5]",6,3,0,0,0,0,0,4,0,0,0,0,0,0
25,8,25/mutation_8,15,"[957.5, 1193.5, 1088.5, 1293.5, 1037.5, 1273.5, 1167.5, 791.0, 724.0, 1123.5, 1208.0, 719.0, 1133.0, 734.0, 1183.5]",3,3,0,0,0,0,1,4,0,0,0,0,0,0
26,0,26/base,15,"[2383.5, 2519.5, 2377.0, 2381.0, 2459.5, 2472.0, 2513.5, 2448.5, 2390.0, 2407.0, 2447.0, 2530.5, 2461.5, 2332.5, 2436.5]",5,5,1,0,0,4,0,6,0,0,4,2,0,0
26,1,26/mutation_1,15,"[2543.0, 2383.5, 2565.0, 2362.5, 2505.5, 2396.5, 2454.0, 2526.5, 2353.0, 2413.5, 2412.5, 2446.5, 2454.0, 2513.5, 2507.5]",8,8,1,0,0,4,0,6,0,0,7,2,0,0
26,2,26/mutation_2,15,"[2323.0, 2373.0, 2325.0, 2343.0, 2331.5, 2359.5, 2310.5, 2363.5, 2314.0, 2311.0, 2341.5, 2304.0, 2339.0, 2384.0, 2311.5]",5,5,1,0,0,4,0,6,0,0,4,2,0,0
26,3,26/mutation_3,15,"[2476.0, 2432.5, 2398.0, 2485.0, 2422.5, 2390.5, 2397.5, 2353.5, 2348.5, 2519.5, 2395.0, 2409.0, 2445.0, 2476.5, 2450.0]",6,6,1,0,0,4,0,7,0,0,1,1,0,0
26,4,26/mutation_4,15,"[1680.5, 1697.0, 1743.0, 1667.5, 1706.0, 1743.5, 1725.0, 1696.0, 1708.5, 1698.0, 1702.0, 1717.0, 1693.5, 1701.5, 1732.0]",2,2,2,0,0,2,0,6,1,1,0,2,4,4
26,6,26/mutation_6,15,"[2403.5, 2372.0, 2465.0, 2532.0, 2421.5, 2404.5, 2519.5, 2538.0, 2360.0, 2356.0, 2328.0, 2465.5, 2368.5, 2477.0, 2312.0]",7,5,1,0,0,2,0,6,0,0,6,2,0,0
26,7,26/mutation_7,15,"[3636.0, 3702.0, 3569.0, 3660.0, 3624.0, 3680.5, 3737.5, 3679.5, 3570.5, 3661.0, 3611.5, 3639.5, 3451.5, 3652.0, 3692.0]",3,3,1,0,0,7,0,6,0,0,0,2,4,4
26,8,26/mutation_8,15,"[2539.0, 2460.5, 2479.0, 2504.0, 2522.0, 2449.0, 2497.5, 2377.0, 2412.5, 2379.5, 2380.5, 2655.0, 2412.0, 2621.0, 2513.5]",6,6,1,0,0,4,1,6,0,0,4,2,0,0
27,0,27/base,15,"[2231.0, 2266.0, 2298.0, 2225.0, 2227.5, 2237.5, 2292.5, 2262.0, 2263.0, 2455.0, 2223.5, 2285.5, 2281.0, 2251.5, 2206.5]",12,4,0,0,0,0,0,8,0,0,0,0,0,0
27,1,27/mutation_1,15,"[2386.5, 2391.5, 2390.0, 2380.0, 2400.5, 2376.0, 2346.0, 2353.5, 2302.0, 2329.5, 2317.5, 2308.0, 2391.0, 2316.0, 2382.0]",17,9,0,0,0,0,0,8,0,0,0,0,0,0
27,3,27/mutation_3,15,"[2347.5, 2304.0, 2326.0, 2286.5, 2241.0, 2203.5, 2274.5, 2322.5, 2200.0, 2223.5, 2238.0, 2208.0, 2290.5, 2226.0, 2418.5]",12,4,0,0,0,0,0,8,0,0,0,3,0,0
27,4,27/mutation_4,15,"[2250.0, 2249.5, 2266.5, 2238.5, 2280.0, 2222.5, 2239.5, 2279.0, 2246.5, 2290.0, 2381.5, 2230.0, 2410.0, 2257.5, 2246.0]",7,4,0,0,0,1,0,9,1,1,5,0,5,2
27,5,27/mutation_5,15,"[2232.0, 2233.5, 2250.0, 2219.5, 2250.0, 2234.5, 2340.0, 2235.0, 2244.0, 2352.5, 2219.5, 2243.5, 2342.5, 2244.0, 2212.0]",16,5,0,0,0,0,0,12,0,0,0,0,0,0
27,6,27/mutation_6,15,"[2225.5, 2233.5, 2231.5, 2246.5, 2298.5, 2233.5, 2262.0, 2331.5, 2260.0, 2229.5, 2233.5, 2213.0, 2248.0, 2388.5, 2291.0]",10,3,0,0,0,0,0,3,0,0,0,0,0,0
27,7,27/mutation_7,15,"[4139.0, 4132.0, 4246.5, 4201.5, 4089.5, 4404.0, 4235.0, 4151.5, 4139.5, 4177.0, 4085.5, 4139.0, 4057.0, 4179.0, 4131.5]",20,4,0,0,0,0,0,8,0,0,0,0,0,0
27,8,27/mutation_8,15,"[2278.5, 2256.0, 2290.5, 2233.5, 2343.0, 2266.0, 2249.0, 2337.0, 2277.0, 2317.5, 2235.0, 2268.5, 2287.0, 2321.5, 2277.5]",13,5,0,0,0,0,1,8,0,0,0,0,0,0
28,0,28/base,15,"[3630.5, 3565.5, 2242.0, 3730.5, 3752.5, 3747.5, 3760.0, 2220.0, 3655.5, 3758.5, 3755.5, 3421.5, 3746.5, 3724.0, 2235.0]",12,6,2,0,2,5,0,13,0,0,0,3,5,2
28,1,28/mutation_1,15,"[3759.0, 3920.5, 3842.0, 2322.5, 3581.5, 3627.5, 2272.5, 3320.5, 3816.5, 3894.5, 3448.0, 3759.0, 3896.0, 3613.5, 3899.0]",19,8,2,0,2,5,0,13,0,0,0,3,5,2
28,2,28/mutation_2,15,"[2228.0, 2295.0, 2304.5, 3308.0, 2264.0, 3245.0, 2249.5, 3784.5, 3854.5, 2276.5, 3769.0, 3032.0, 3782.5, 3817.0, 3731.0]",12,6,2,0,2,5,0,13,0,0,0,3,5,2
28,3,28/mutation_3,15,"[4000.5, 4000.0, 3975.0, 3909.5, 2458.0, 2468.0, 2334.5, 2368.0, 3896.0, 3998.5, 2358.5, 2338.5, 3512.0, 3926.0, 2563.0]",15,6,2,0,0,5,0,15,0,0,0,7,6,2
28,4,28/mutation_4,15,"[2191.5, 2211.0, 3793.0, 3791.5, 3816.0, 2200.5, 2206.5, 2247.0, 3735.5, 3825.0, 3836.5, 3780.5, 2247.0, 3727.5, 3711.0]",12,6,2,0,2,5,0,13,1,1,0,3,6,2
28,5,28/mutation_5,15,"[3758.0, 2206.0, 3790.5, 3774.0, 3121.0, 2278.0, 3851.5, 3758.0, 3816.0, 3542.0, 3747.0, 3746.0, 2208.5, 3818.0, 3758.0]",21,6,2,0,2,7,0,17,0,0,0,3,0,0
28,6,28/mutation_6,15,"[2231.0, 3689.5, 3814.5, 2210.5, 3778.0, 3736.0, 3802.0, 3721.0, 3716.5, 3731.5, 2215.0, 3769.0, 3733.0, 3108.5, 3640.5]",18,7,2,0,2,8,0,13,0,0,0,3,0,0
28,7,28/mutation_7,15,"[3854.0, 3947.5, 2289.0, 2337.0, 2363.0, 2448.0, 2399.5, 3897.5, 2427.0, 3971.0, 2331.0, 3923.5, 2393.0, 3910.5, 2340.5]",12,6,2,0,6,5,0,13,0,0,0,3,5,2
28,8,28/mutation_8,15,"[3809.5, 3775.5, 3833.0, 3721.0, 3782.0, 3895.5, 3824.5, 3883.5, 3809.0, 3535.0, 3865.0, 3771.0, 3804.0, 3821.5, 3563.0]",13,7,2,0,2,5,1,13,0,0,0,3,5,2
29,0,29/base,15,"[2134.5, 2098.0, 2088.5, 2109.0, 2143.5, 2098.5, 2171.0, 2104.5, 2105.0, 2113.0, 2102.0, 2110.0, 2097.5, 2097.5, 2127.0]",5,5,0,0,0,2,0,1,0,0,0,3,3,3
29,1,29/mutation_1,15,"[2125.5, 2106.5, 2129.5, 2161.0, 2250.5, 2155.5, 2159.5, 2136.5, 2194.0, 2162.5, 2153.0, 2164.5, 2133.0, 2130.5, 2146.5]",9,9,0,0,0,2,0,1,0,0,0,3,3,3
29,2,29/mutation_2,15,"[2142.5, 2186.0, 2144.5, 2135.5, 2114.0, 2120.0, 2141.0, 2135.5, 2213.5, 2150.5, 2186.5, 2143.0, 2104.5, 2124.5, 2194.0]",7,7,0,0,0,2,0,1,0,0,0,3,4,4
29,3,29/mutation_3,15,"[2219.0, 2142.0, 2143.5, 2093.5, 2157.0, 2185.5, 2103.0, 2167.0, 2122.5, 2124.5, 2131.5, 2120.0, 2177.0, 2102.5, 2118.0]",5,5,0,0,0,2,0,1,0,0,0,13,3,3
29,4,29/mutation_4,15,"[2143.0, 2143.0, 2200.0, 2205.5, 2109.5, 2179.0, 2159.5, 2134.5, 2129.5, 2097.5, 2140.0, 2215.0, 2119.5, 2134.0, 2166.0]",3,3,2,0,0,0,0,3,1,1,0,3,0,0
29,5,29/mutation_5,15,"[2171.0, 2185.5, 2175.0, 2121.0, 2123.0, 2138.0, 2134.0, 2124.0, 2161.5, 2102.5, 2099.5, 2110.0, 2114.0, 2107.0, 2158.0]",12,7,0,0,0,0,0,4,0,0,0,3,0,0
29,6,29/mutation_6,15,"[2053.5, 2075.0, 2110.0, 2051.0, 2124.0, 2093.0, 2067.5, 2112.0, 2090.0, 2063.0, 2065.0, 2101.5, 2062.0, 2116.5, 2085.0]",9,6,0,0,2,0,0,1,0,0,0,3,0,0
29,7,29/mutation_7,15,"[6455.0, 6485.5, 6441.0, 6570.5, 6615.0, 6438.5, 6586.5, 6498.5, 6607.0, 6690.5, 6566.5, 6757.0, 6516.0, 6666.0, 6506.5]",1,1,0,0,0,5,0,1,0,0,0,3,7,4
29,8,29/mutation_8,15,"[2138.5, 2232.0, 2224.0, 2182.5, 2187.0, 2142.0, 2147.0, 2187.0, 2201.5, 2224.5, 2147.5, 2166.0, 2180.0, 2200.5, 2166.0]",6,6,0,0,0,2,1,1,0,0,0,3,3,3
30,0,30/base,15,"[347.0, 360.0, 371.5, 375.0, 368.5, 349.5, 346.0, 346.0, 344.5, 369.0, 350.0, 340.0, 359.0, 362.0, 363.5]",2,1,0,0,0,0,0,12,0,0,0,0,0,0
30,1,30/mutation_1,15,"[356.5, 362.0, 375.0, 358.5, 381.5, 369.5, 370.0, 351.5, 352.0, 368.0, 370.5, 368.0, 351.5, 365.5, 369.0]",9,5,0,0,0,0,0,12,0,0,0,0,0,0
30,2,30/mutation_2,15,"[310.0, 285.5, 298.5, 299.5, 284.0, 281.5, 307.0, 299.0, 286.5, 289.0, 291.0, 306.0, 301.5, 314.5, 327.5]",1,1,0,0,1,0,0,12,0,0,0,0,0,0
30,3,30/mutation_3,15,"[378.0, 363.0, 351.0, 373.0, 364.5, 346.0, 350.0, 353.0, 353.5, 369.5, 351.0, 335.5, 356.0, 336.0, 364.0]",5,3,0,0,0,0,0,12,0,0,0,0,0,0
30,4,30/mutation_4,15,"[385.0, 349.0, 357.0, 346.0, 361.0, 348.0, 379.5, 354.0, 347.5, 352.0, 381.5, 356.0, 379.0, 383.0, 374.0]",4,2,0,0,0,0,0,12,0,0,0,0,0,0
30,5,30/mutation_5,15,"[350.0, 358.5, 362.0, 371.0, 383.0, 356.0, 346.0, 345.0, 345.0, 351.0, 377.0, 347.5, 348.5, 341.0, 332.5]",4,2,0,0,0,0,0,14,0,0,0,0,0,0
30,6,30/mutation_6,15,"[344.5, 347.0, 366.0, 342.5, 356.5, 361.5, 354.0, 347.5, 338.0, 345.0, 352.0, 359.5, 347.5, 364.0, 352.0]",3,2,0,0,0,11,0,12,0,0,0,0,0,0
30,7,30/mutation_7,15,"[360.5, 357.0, 344.5, 375.5, 350.0, 364.0, 358.0, 369.0, 365.5, 379.0, 349.0, 360.0, 383.5, 349.5, 342.0]",7,2,0,0,0,6,0,18,0,0,0,0,0,0
30,8,30/mutation_8,15,"[724.5, 707.5, 691.5, 697.5, 731.0, 704.0, 715.5, 725.5, 705.5, 696.5, 724.5, 709.5, 724.5, 704.0, 696.5]",3,2,0,0,0,11,1,12,0,0,0,0,0,0
32,0,32/base,15,"[3058.0, 3165.5, 3025.0, 2596.5, 3132.0, 3035.0, 3127.0, 3062.5, 3105.5, 3137.5, 3052.0, 3112.5, 3127.0, 3102.0, 3098.0]",15,5,0,0,0,2,0,19,0,0,0,21,4,3
32,1,32/mutation_1,15,"[3147.0, 3186.0, 3148.0, 3041.0, 3192.0, 3070.5, 3146.5, 3141.5, 3187.5, 3151.0, 3099.0, 3147.5, 3106.5, 3197.5, 3169.5]",21,8,0,0,0,2,0,19,0,0,0,21,4,3
32,2,32/mutation_2,15,"[2953.5, 2913.5, 2977.0, 3043.5, 3103.0, 3149.5, 3129.0, 3122.5, 3115.5, 3102.0, 2954.5, 3116.5, 2641.0, 2718.0, 3118.5]",13,5,0,0,2,2,0,19,0,0,0,17,4,3
32,3,32/mutation_3,15,"[3113.0, 2902.0, 3069.5, 3116.0, 3090.0, 2905.5, 3107.5, 3070.5, 3031.0, 3134.0, 2688.0, 3101.5, 3138.5, 2685.5, 2873.5]",15,5,0,0,0,2,0,19,0,0,0,21,4,3
32,4,32/mutation_4,15,"[2788.0, 3097.0, 3131.0, 3102.5, 3078.0, 3061.0, 3113.5, 3081.5, 3069.5, 3124.5, 2819.0, 3098.5, 3065.5, 3164.0, 3117.0]",15,5,0,0,0,2,0,19,1,1,1,21,4,3
32,5,32/mutation_5,15,"[2988.5, 3086.0, 3108.5, 3082.0, 3115.0, 3058.5, 3106.0, 3146.0, 3067.5, 3114.0, 3107.0, 3103.0, 3086.0, 3072.0, 3045.5]",17,8,0,0,0,2,0,21,0,0,0,19,4,3
32,6,32/mutation_6,15,"[3033.0, 3023.5, 3060.0, 2789.5, 2707.0, 3097.0, 3094.0, 2875.0, 3131.0, 3088.5, 2837.5, 3089.5, 3079.5, 3051.0, 3121.0]",15,7,0,0,0,2,0,19,0,0,0,21,4,3
32,7,32/mutation_7,15,"[3665.0, 3608.0, 3684.5, 3642.0, 3629.5, 3446.5, 2999.0, 3463.0, 3655.5, 3660.0, 3601.5, 3663.0, 3644.5, 3466.5, 3614.0]",19,5,0,0,0,2,0,19,0,0,0,29,4,3
32,8,32/mutation_8,15,"[3167.5, 3189.5, 3125.5, 2777.0, 3125.0, 3107.5, 3112.0, 3142.0, 3202.5, 3135.0, 2812.5, 3172.5, 3106.0, 3095.0, 3194.0]",16,6,0,0,0,2,1,19,0,0,0,21,4,3
33,0,33/base,15,"[756.0, 722.0, 688.5, 723.5, 755.0, 747.5, 713.5, 750.5, 735.5, 685.5, 748.0, 715.0, 732.5, 791.0, 715.5]",6,4,2,0,0,1,0,2,1,1,0,7,1,1
33,1,33/mutation_1,15,"[772.5, 749.0, 757.5, 743.0, 778.5, 733.0, 756.5, 761.0, 777.0, 739.5, 779.0, 740.5, 748.5, 774.0, 761.5]",12,7,2,0,0,1,0,2,1,1,0,7,1,1
33,2,33/mutation_2,15,"[687.0, 750.5, 740.0, 747.0, 734.5, 721.0, 742.0, 740.5, 718.5, 711.5, 723.0, 740.5, 734.0, 732.0, 772.5]",6,4,2,0,0,1,0,2,1,1,0,6,1,1
33,3,33/mutation_3,15,"[686.5, 770.5, 625.5, 757.5, 752.0, 742.0, 710.5, 772.0, 746.0, 702.0, 739.0, 731.0, 702.5, 766.5, 645.5]",6,4,2,0,0,1,0,2,1,1,0,7,1,1
33,4,33/mutation_4,15,"[716.5, 765.0, 759.0, 749.0, 761.5, 769.0, 749.5, 724.5, 734.5, 752.0, 742.5, 761.5, 771.0, 791.0, 766.5]",6,4,2,0,0,1,0,2,2,1,0,7,1,1
33,5,33/mutation_5,15,"[636.0, 761.0, 769.0, 769.0, 670.5, 766.0, 768.5, 734.0, 775.5, 741.5, 768.0, 727.0, 723.0, 730.5, 756.0]",10,7,2,0,0,0,0,5,1,1,1,7,0,0
33,7,33/mutation_7,15,"[792.0, 781.5, 709.5, 719.0, 779.0, 712.0, 786.0, 775.5, 758.0, 776.0, 788.5, 805.5, 785.5, 809.5, 807.0]",6,4,2,0,0,5,0,2,1,1,0,7,1,1
33,8,33/mutation_8,15,"[1239.0, 1335.0, 1259.0, 1361.5, 1357.0, 1347.0, 1323.0, 1154.0, 1358.0, 1086.0, 1361.5, 1366.5, 1387.5, 1395.5, 1337.0]",7,5,2,0,0,1,1,2,1,1,0,7,1,1
34,0,34/base,15,"[988.0, 1086.5, 1065.5, 1007.5, 1072.0, 1027.0, 1089.0, 1049.0, 1072.5, 1064.0, 1064.5, 951.0, 1030.0, 1048.5, 1001.5]",9,5,0,0,0,2,0,12,0,0,0,5,4,3
34,1,34/mutation_1,15,"[1111.5, 1069.0, 1115.5, 940.0, 1071.5, 1018.5, 1075.5, 1062.5, 1143.0, 1104.5, 1016.0, 1101.5, 1102.5, 1071.5, 1107.5]",14,10,0,0,0,2,0,12,0,0,0,5,4,3
34,2,34/mutation_2,15,"[408.0, 390.5, 385.0, 385.5, 391.5, 395.5, 387.5, 389.0, 404.0, 410.0, 381.5, 382.5, 350.5, 363.5, 385.5]",0,1,0,1,1,0,0,1,0,0,0,0,0,0
34,3,34/mutation_3,15,"[1064.0, 1055.0, 1050.5, 1077.0, 1012.0, 990.5, 1042.5, 1072.0, 1066.5, 980.0, 1090.5, 1064.5, 1069.0, 1037.5, 1070.0]",9,5,0,0,0,2,0,12,0,0,0,5,4,3
34,4,34/mutation_4,15,"[1097.5, 1095.5, 1124.0, 1057.5, 1082.5, 1113.0, 1112.0, 1126.0, 1132.5, 1112.0, 1112.0, 1088.0, 1108.0, 1102.0, 1074.0]",7,5,2,0,0,4,0,11,1,1,0,5,6,3
34,5,34/mutation_5,15,"[1072.0, 1058.5, 1083.0, 1071.0, 1064.5, 1057.5, 1091.5, 1067.0, 999.5, 1016.5, 1077.5, 1053.0, 1098.0, 1036.5, 1071.0]",11,6,0,0,0,2,0,13,0,0,0,5,4,3
34,6,34/mutation_6,15,"[1093.0, 1002.0, 1078.0, 1077.0, 951.0, 1057.5, 1088.0, 1059.0, 1066.5, 1004.5, 1079.5, 1096.0, 1071.0, 1029.5, 1077.5]",17,7,0,0,0,0,0,14,0,0,0,5,0,0
34,7,34/mutation_7,15,"[1731.0, 1739.5, 1687.5, 1749.0, 1773.5, 1692.5, 1724.5, 1573.5, 1691.0, 1705.0, 1768.0, 1723.0, 1714.0, 1682.5, 1592.0]",14,5,0,0,0,2,0,12,0,0,0,5,4,3
34,8,34/mutation_8,15,"[1733.0, 1751.5, 1715.5, 1643.0, 1687.0, 1681.5, 1681.0, 1762.5, 1714.5, 1638.5, 1739.5, 1741.5, 1761.0, 1761.5, 1711.0]",10,6,0,0,0,2,1,12,0,0,0,5,4,3
35,0,35/base,15,"[1102.5, 1035.5, 1166.5, 1088.0, 1124.5, 1100.5, 1081.5, 1094.5, 1119.5, 899.0, 1125.5, 1104.5, 1130.5, 1086.5, 1128.5]",11,5,0,0,0,2,0,12,0,0,0,6,4,3
35,1,35/mutation_1,15,"[1024.0, 939.5, 1134.0, 1118.0, 1057.5, 954.5, 1091.5, 1100.5, 902.0, 1143.0, 1114.5, 1119.0, 1015.0, 1109.5, 1081.5]",15,7,0,0,0,2,0,12,0,0,0,6,4,3
35,2,35/mutation_2,15,"[405.5, 373.5, 402.0, 403.5, 406.5, 381.0, 390.5, 450.0, 407.0, 391.0, 394.0, 393.0, 357.5, 401.0, 385.0]",0,1,0,1,1,0,0,1,0,0,0,0,0,0
35,3,35/mutation_3,15,"[1110.0, 1071.5, 1070.0, 1170.0, 971.5, 1128.0, 1017.5, 1108.5, 1123.5, 1112.0, 1101.0, 1129.5, 1056.5, 1084.0, 1130.0]",11,5,0,0,0,2,0,12,0,0,0,6,4,3
35,4,35/mutation_4,15,"[1146.5, 1110.0, 1093.5, 879.5, 1062.0, 1102.5, 1082.0, 1094.0, 1044.0, 1118.0, 1188.0, 1195.5, 1102.5, 1126.5, 921.0]",12,5,2,0,0,2,0,12,1,1,0,6,4,3
35,5,35/mutation_5,15,"[1031.0, 1081.0, 1126.5, 1066.5, 1055.5, 1080.5, 1088.5, 1123.0, 1110.0, 1080.0, 1098.5, 1112.0, 1073.5, 1101.5, 902.0]",15,6,0,0,1,2,0,14,0,0,0,5,1,1
35,6,35/mutation_6,15,"[891.5, 1110.5, 1099.5, 1119.0, 1108.0, 1092.0, 1079.0, 1063.5, 1090.5, 1106.5, 986.5, 1120.5, 1055.5, 1143.0, 1057.5]",19,7,0,0,0,0,0,14,0,0,0,6,0,0
35,7,35/mutation_7,15,"[1116.0, 1100.0, 1122.5, 1126.5, 1105.5, 1050.5, 1112.5, 978.0, 1162.0, 1123.0, 1143.5, 1061.0, 998.0, 1110.0, 1103.0]",12,5,0,0,4,2,0,12,0,0,0,6,4,3
35,8,35/mutation_8,15,"[1814.5, 1755.0, 1784.5, 1807.0, 1778.0, 1739.5, 1780.5, 1763.5, 1582.0, 1783.5, 1756.5, 1793.5, 1750.5, 1510.5, 1785.0]",12,6,0,0,0,2,1,12,0,0,0,6,4,3
36,0,36/base,15,"[3443.5, 3842.5, 4030.0, 4012.0, 4105.0, 4061.0, 4083.0, 4144.0, 4109.0, 4153.0, 4149.5, 3628.0, 4127.0, 4252.5, 4101.5]",25,11,2,0,4,9,0,14,3,1,1,8,5,2
36,1,36/mutation_1,15,"[4170.0, 4097.0, 3919.5, 4141.0, 4014.5, 4061.0, 4131.5, 3949.0, 4196.0, 4116.0, 4117.0, 4023.5, 4072.5, 4003.0, 4144.5]",29,15,2,0,4,9,0,14,3,1,1,8,5,2
36,2,36/mutation_2,15,"[4060.5, 4086.0, 4110.5, 3601.5, 4102.0, 4188.0, 4155.5, 4177.5, 4094.0, 4137.5, 4147.5, 3846.5, 4176.5, 4086.5, 3623.5]",25,11,2,0,2,9,0,14,3,1,1,8,5,2
36,3,36/mutation_3,15,"[4367.0, 4387.5, 4329.5, 4428.0, 4381.5, 4298.5, 4408.0, 4338.5, 4319.5, 4261.0, 4232.0, 4297.5, 4275.0, 4297.0, 4336.0]",31,11,2,0,1,9,0,16,3,1,1,9,5,2
36,4,36/mutation_4,15,"[4139.5, 3808.0, 4120.0, 4160.5, 3733.0, 4115.5, 4159.0, 3877.0, 4144.5, 4117.0, 4049.0, 3484.0, 4143.0, 3710.5, 4054.0]",25,10,2,0,4,8,0,15,3,1,1,8,5,2
36,5,36/mutation_5,15,"[4240.5, 4132.5, 4055.5, 4142.0, 4196.5, 3920.0, 4144.0, 4129.0, 4152.5, 4183.0, 4171.0, 3818.5, 4185.5, 4148.0, 4209.0]",29,12,2,0,3,9,0,16,3,1,1,8,5,2
36,6,36/mutation_6,15,"[3712.0, 4171.5, 3944.0, 4087.0, 4102.5, 4206.5, 4198.5, 4129.5, 4088.0, 3576.0, 3408.0, 3551.5, 4071.0, 4158.0, 4132.0]",30,11,2,0,4,9,0,14,3,1,1,8,0,0
36,7,36/mutation_7,15,"[8130.5, 7801.5, 8275.5, 8401.5, 8410.5, 7980.0, 8283.5, 7979.0, 8254.0, 8426.0, 7532.5, 7207.0, 8361.0, 8348.0, 8413.0]",25,11,2,0,4,14,0,14,3,1,1,8,5,2
36,8,36/mutation_8,15,"[4171.0, 4172.5, 4087.5, 4102.0, 4138.0, 4098.0, 4092.5, 4223.0, 4191.0, 4159.0, 3908.0, 4167.5, 4199.5, 4195.0, 4153.5]",26,12,2,0,4,9,1,14,3,1,1,8,5,2
37,0,37/base,15,"[2985.5, 3419.5, 3481.0, 3404.0, 3316.5, 3387.0, 3272.5, 3388.0, 3504.0, 3491.0, 3378.0, 3106.0, 3220.0, 3069.5, 3463.5]",3,4,0,0,2,0,1,5,4,1,1,8,0,0
37,1,37/mutation_1,15,"[3437.0, 3457.5, 3442.5, 3392.0, 3555.5, 3424.5, 3536.0, 3401.0, 3418.5, 3485.5, 3479.5, 3303.5, 3484.5, 3446.5, 3381.5]",3,3,0,0,3,1,1,6,4,1,1,8,3,4
37,2,37/mutation_2,15,"[3470.0, 2949.5, 3281.0, 3388.0, 3392.0, 3324.0, 3422.0, 3261.0, 3327.5, 3474.0, 3364.0, 3252.0, 3385.5, 3282.5, 3364.0]",0,1,0,0,2,1,1,5,4,1,1,8,3,4
37,3,37/mutation_3,15,"[3441.5, 3475.5, 3209.5, 3471.5, 3461.5, 3447.5, 3580.0, 3554.0, 3516.5, 3189.0, 3497.5, 3571.0, 3408.0, 3531.5, 3489.0]",5,4,0,0,0,0,1,5,4,1,2,9,0,0
37,4,37/mutation_4,15,"[3391.0, 3347.0, 3543.5, 3389.5, 3333.0, 3432.5, 3406.0, 3521.5, 3435.5, 3413.0, 3421.0, 3294.5, 3411.5, 3424.0, 3309.0]",3,3,0,0,2,0,1,6,4,1,1,8,0,0
37,5,37/mutation_5,15,"[3316.0, 3510.0, 3422.5, 3383.0, 3450.0, 3492.5, 3444.0, 3172.5, 3463.5, 3381.5, 3168.0, 3421.5, 3433.0, 3495.0, 3435.0]",4,5,0,0,2,0,1,6,4,1,1,8,0,0
37,6,37/mutation_6,15,"[3520.5, 3406.5, 3382.5, 3503.5, 3485.0, 3479.0, 3424.5, 3351.5, 3396.0, 3282.0, 3491.5, 3486.0, 3434.5, 3472.5, 3449.0]",3,4,0,0,2,0,1,7,4,1,1,10,0,0
37,7,37/mutation_7,15,"[4461.0, 4566.5, 4311.5, 4678.0, 4656.5, 4652.0, 4584.0, 4599.5, 4686.0, 4651.5, 4558.5, 4227.5, 4539.0, 4588.0, 4549.5]",2,2,2,0,2,1,1,4,4,1,0,8,2,2
37,8,37/mutation_8,15,"[3463.5, 3555.0, 3264.5, 3511.0, 3483.0, 3309.5, 3539.5, 3554.0, 3433.5, 3447.0, 3399.5, 3271.0, 3408.5, 3488.0, 3474.5]",4,5,0,0,2,0,1,5,4,1,1,8,0,0
38,0,38/base,15,"[3348.5, 3320.5, 3338.5, 3308.0, 3361.0, 3424.5, 3132.5, 3414.5, 3358.5, 3371.5, 3460.5, 3362.5, 3396.5, 3355.0, 3415.5]",22,11,2,0,2,5,0,14,1,1,3,3,5,2
38,1,38/mutation_1,15,"[3333.5, 3354.5, 3378.0, 3386.5, 3331.5, 3364.0, 3204.0, 3413.5, 3366.5, 3371.5, 2970.0, 3368.5, 2955.5, 3272.5, 3324.5]",25,14,2,0,2,5,0,14,1,1,3,3,5,2
38,2,38/mutation_2,15,"[3234.0, 3213.0, 3219.5, 3195.5, 3224.0, 3166.5, 3180.0, 3008.0, 3219.5, 3279.0, 3180.5, 3241.5, 3085.5, 3183.5, 3198.5]",21,10,2,0,4,5,0,13,1,1,2,3,5,2
38,3,38/mutation_3,15,"[3579.5, 3663.0, 3698.5, 3646.0, 3577.0, 3629.5, 3628.5, 3580.0, 3601.5, 3570.5, 3583.0, 3576.5, 3121.5, 3614.5, 3660.0]",25,11,2,0,0,5,0,16,1,1,3,8,6,2
38,4,38/mutation_4,15,"[3397.0, 3513.0, 3417.5, 3316.5, 3407.5, 3368.0, 3359.0, 3317.0, 3415.5, 3338.5, 3335.5, 3387.0, 3419.0, 3359.0, 3337.5]",19,9,2,0,2,10,0,14,0,0,0,2,8,3
38,5,38/mutation_5,15,"[3271.0, 3316.0, 3344.0, 3133.0, 3346.0, 3341.5, 3363.0, 3259.0, 3234.0, 3309.5, 3284.5, 3295.0, 3220.5, 3379.0, 2968.0]",30,13,2,0,2,7,0,17,1,1,3,3,0,0
38,6,38/mutation_6,15,"[3365.5, 3419.5, 3446.5, 3379.5, 3371.0, 3333.5, 3255.0, 3444.5, 3149.0, 3325.5, 2836.0, 2846.0, 3010.5, 3309.0, 3310.5]",27,11,2,0,2,5,0,14,1,1,3,3,0,0
38,7,38/mutation_7,15,"[4640.5, 4117.0, 4643.0, 4601.0, 4519.5, 4578.5, 4559.5, 4548.5, 3961.0, 4259.0, 4608.5, 4614.0, 4592.5, 4556.5, 4558.0]",30,11,2,0,2,5,0,14,1,1,3,3,5,2
38,8,38/mutation_8,15,"[4217.5, 4313.5, 4144.0, 4256.0, 4251.5, 4251.0, 4156.0, 4237.0, 4235.5, 4296.0, 4304.5, 4292.0, 4258.0, 4224.5, 4289.0]",23,12,2,0,2,5,1,14,1,1,3,3,5,2
39,0,39/base,15,"[1039.0, 1541.5, 1020.5, 1014.5, 994.0, 995.5, 999.5, 1525.0, 1530.5, 1528.5, 1001.5, 1027.5, 1020.5, 1005.0, 1009.0]",10,4,0,0,0,0,0,8,0,0,0,0,0,0
39,1,39/mutation_1,15,"[1059.0, 1557.5, 996.5, 1015.0, 1025.0, 1042.5, 1017.0, 1028.0, 1021.5, 1031.0, 1014.0, 1035.5, 1044.0, 1023.5, 1026.5]",13,7,0,0,0,0,0,8,0,0,0,0,0,0
39,3,39/mutation_3,15,"[1544.5, 995.5, 1516.5, 1001.0, 1049.0, 1022.5, 1005.0, 1009.5, 1015.0, 997.0, 1014.0, 1018.5, 1052.5, 1022.0, 1010.0]",10,4,0,0,0,0,0,8,0,0,0,3,0,0
39,4,39/mutation_4,15,"[1008.5, 1014.0, 1554.0, 1015.0, 1021.0, 1004.5, 1552.0, 1003.0, 1003.0, 1007.5, 995.0, 1021.5, 1060.0, 1040.0, 1038.0]",9,4,0,0,0,0,0,9,1,1,2,2,0,0
39,5,39/mutation_5,15,"[1012.5, 1540.0, 1535.5, 1012.5, 1001.5, 1030.5, 1019.5, 1020.0, 1531.0, 1055.0, 1004.0, 993.5, 1016.5, 1000.5, 1015.0]",13,5,0,0,0,0,0,11,0,0,0,0,0,0
39,6,39/mutation_6,15,"[1029.5, 993.0, 988.0, 1021.0, 1527.5, 1001.5, 1019.5, 1479.5, 1005.0, 1529.0, 1017.0, 1055.0, 1542.0, 1551.5, 1013.0]",10,4,0,0,0,0,0,8,0,0,0,0,0,0
39,7,39/mutation_7,15,"[1539.5, 1556.5, 2208.5, 2202.5, 1586.0, 2176.5, 2214.0, 2257.5, 2190.0, 1565.5, 1554.5, 1592.0, 1566.5, 1593.0, 1620.0]",18,4,0,0,0,0,0,14,0,0,0,0,0,0
39,8,39/mutation_8,15,"[1479.5, 1512.5, 1501.5, 2284.5, 2217.5, 1490.5, 1501.0, 1506.5, 1496.5, 2260.5, 1493.0, 1504.0, 1573.5, 1490.0, 1506.5]",11,5,0,0,0,0,1,8,0,0,0,0,0,0
40,0,40/base,15,"[717.5, 710.0, 710.5, 716.5, 713.5, 712.5, 701.0, 710.5, 708.0, 704.0, 708.0, 700.5, 715.0, 722.0, 710.5]",20,8,0,0,2,0,0,4,0,0,0,0,0,0
40,1,40/mutation_1,15,"[712.0, 722.0, 711.0, 748.5, 720.0, 710.0, 723.5, 720.5, 700.5, 718.5, 717.5, 725.0, 722.5, 731.0, 713.5]",29,11,0,0,2,0,0,4,0,0,0,0,0,0
40,2,40/mutation_2,15,"[704.0, 703.5, 722.0, 706.0, 736.5, 710.0, 721.5, 715.0, 702.5, 705.5, 714.5, 697.0, 703.0, 701.0, 709.5]",15,8,0,0,3,0,0,3,0,0,0,0,0,0
40,3,40/mutation_3,15,"[730.5, 691.0, 702.0, 735.0, 703.0, 716.5, 709.5, 705.5, 693.0, 701.5, 737.0, 712.5, 714.0, 708.0, 705.0]",22,8,0,0,0,0,0,4,0,0,0,2,0,0
40,4,40/mutation_4,15,"[706.5, 721.5, 717.5, 714.5, 719.0, 733.5, 717.0, 710.0, 706.0, 724.5, 713.0, 718.0, 715.5, 709.5, 726.0]",20,7,2,0,2,0,0,4,1,1,0,0,0,0
40,5,40/mutation_5,15,"[614.5, 593.5, 622.5, 607.0, 611.0, 602.5, 612.0, 630.5, 621.0, 614.5, 616.5, 628.0, 617.5, 614.5, 615.5]",13,11,0,0,5,0,0,6,0,0,0,0,0,0
40,6,40/mutation_6,15,"[700.5, 717.0, 718.0, 717.0, 710.0, 756.5, 714.5, 707.5, 712.5, 710.0, 706.0, 715.0, 694.5, 706.0, 722.0]",19,8,0,0,2,0,0,3,0,0,0,0,0,0
40,7,40/mutation_7,15,"[1486.5, 1502.0, 1511.0, 1468.5, 1500.0, 1460.0, 1498.5, 1513.0, 1537.5, 1527.0, 1549.5, 1512.0, 1523.0, 1570.0, 1541.0]",6,6,0,0,2,5,0,4,0,0,0,0,14,7
40,8,40/mutation_8,15,"[1086.0, 1085.0, 1094.5, 1125.0, 1099.5, 1090.0, 1099.5, 1093.0, 1073.0, 1111.5, 1105.5, 1070.0, 1080.0, 1099.0, 1072.5]",21,9,0,0,2,0,1,4,0,0,0,0,0,0
41,0,41/base,15,"[943.5, 872.0, 919.0, 864.0, 919.0, 936.5, 878.0, 930.5, 955.5, 934.5, 943.0, 938.5, 897.5, 918.0, 883.0]",10,5,0,0,2,0,0,3,0,0,0,0,0,0
41,1,41/mutation_1,15,"[944.0, 812.5, 930.5, 853.0, 962.0, 902.5, 960.0, 918.0, 751.5, 1012.5, 928.0, 938.5, 928.0, 949.0, 950.5]",16,11,0,0,2,0,0,3,0,0,0,0,0,0
41,3,41/mutation_3,15,"[938.0, 972.0, 912.5, 961.0, 959.0, 937.5, 951.0, 934.0, 943.5, 857.0, 930.0, 936.5, 913.5, 892.5, 924.0]",12,5,0,0,0,0,0,3,0,0,0,0,0,0
41,4,41/mutation_4,15,"[941.5, 922.5, 890.5, 888.5, 833.5, 952.0, 791.5, 955.0, 907.0, 925.5, 938.0, 974.5, 956.0, 931.5, 945.0]",10,3,2,0,2,0,0,3,1,1,0,0,0,0
41,5,41/mutation_5,15,"[854.0, 945.5, 895.0, 951.5, 975.0, 848.5, 944.0, 966.0, 945.0, 940.5, 938.5, 844.5, 923.0, 952.0, 931.0]",13,6,0,0,2,0,0,6,0,0,0,0,0,0
41,7,41/mutation_7,15,"[974.5, 998.0, 991.0, 1011.5, 1013.5, 1038.0, 1002.5, 973.5, 993.0, 970.5, 1039.0, 976.0, 994.5, 1020.0, 902.0]",14,5,0,0,2,0,0,3,0,0,0,0,0,0
41,8,41/mutation_8,15,"[1614.5, 1595.5, 1616.0, 1480.5, 1600.0, 1626.0, 1649.5, 1637.0, 1626.5, 1644.5, 1607.0, 1597.0, 1603.5, 1506.5, 1330.0]",11,6,0,0,2,0,1,3,0,0,0,0,0,0
42,0,42/base,15,"[1491.0, 1482.5, 1505.0, 1476.0, 1484.0, 1483.0, 1475.0, 1502.5, 1486.5, 1531.5, 1492.5, 1478.0, 1484.0, 1483.0, 1492.5]",27,10,1,0,0,2,0,10,0,0,5,9,6,5
42,1,42/mutation_1,15,"[1691.0, 1718.0, 1726.5, 1692.5, 1685.5, 1748.0, 1708.5, 1707.0, 1701.0, 1692.0, 1730.5, 1698.0, 1653.0, 1716.5, 1705.0]",32,13,1,0,0,2,0,10,0,0,5,9,6,5
42,2,42/mutation_2,15,"[1474.5, 1486.5, 1473.0, 1480.5, 1502.5, 1475.5, 1507.5, 1472.5, 1481.5, 1477.0, 1482.0, 1478.5, 1488.5, 1492.5, 1497.0]",27,10,1,0,0,2,0,10,0,0,5,5,6,5
42,3,42/mutation_3,15,"[1482.0, 1488.5, 1495.0, 1501.0, 1485.5, 1468.0, 1491.5, 1492.0, 1485.0, 1488.0, 1474.5, 1487.5, 1456.5, 1472.5, 1508.5]",17,10,1,0,0,8,0,11,0,0,5,9,10,5
42,4,42/mutation_4,15,"[1256.0, 1256.5, 1265.0, 1262.0, 1281.5, 1252.5, 1270.5, 1266.5, 1259.0, 1274.0, 1272.0, 1270.5, 1265.5, 1266.5, 1334.0]",27,10,2,0,0,2,0,12,1,1,5,8,6,4
42,5,42/mutation_5,15,"[1494.5, 1479.0, 1487.5, 1535.5, 1483.5, 1504.0, 1490.0, 1491.0, 1511.0, 1485.0, 1466.0, 1510.0, 1499.5, 1512.0, 1489.5]",35,11,1,0,0,1,0,14,0,0,5,7,0,0
42,6,42/mutation_6,15,"[1482.0, 1583.5, 1497.0, 1488.0, 1490.0, 1465.5, 1488.0, 1486.0, 1504.5, 1495.0, 1480.5, 1508.0, 1465.0, 1510.0, 1489.5]",34,11,1,0,0,0,0,10,0,0,5,9,0,0
42,7,42/mutation_7,15,"[1490.0, 1484.0, 1512.5, 1490.0, 1467.0, 1529.5, 1517.0, 1496.5, 1494.5, 1497.5, 1549.0, 1494.5, 1461.5, 1488.0, 1511.5]",31,10,1,0,0,2,0,10,0,0,5,9,6,5
42,8,42/mutation_8,15,"[1523.0, 1532.0, 1529.5, 1555.5, 1530.5, 1538.0, 1543.5, 1512.5, 1553.5, 1557.0, 1538.5, 1539.5, 1526.0, 1529.5, 1536.0]",28,11,1,0,0,2,1,10,0,0,5,9,6,5
43,0,43/base,15,"[765.0, 760.0, 781.0, 775.5, 770.0, 804.5, 763.0, 759.5, 755.0, 761.5, 768.0, 760.5, 761.5, 757.0, 759.5]",3,2,0,0,1,1,0,6,1,1,2,2,2,3
43,1,43/mutation_1,15,"[770.5, 772.0, 773.0, 763.0, 772.0, 767.5, 774.0, 775.5, 759.5, 767.5, 794.5, 770.5, 778.0, 789.0, 776.0]",6,5,0,0,1,1,0,6,1,1,2,2,2,3
43,2,43/mutation_2,15,"[766.5, 756.0, 753.0, 762.0, 764.0, 756.0, 751.5, 762.0, 754.0, 789.5, 758.5, 748.0, 765.0, 797.0, 752.5]",3,2,0,0,1,1,0,6,1,1,2,2,2,3
43,3,43/mutation_3,15,"[809.5, 782.5, 769.0, 811.0, 779.0, 792.5, 794.0, 795.5, 816.5, 806.0, 797.0, 818.0, 792.5, 791.0, 787.5]",3,2,0,0,0,1,0,6,1,1,3,2,3,3
43,4,43/mutation_4,15,"[763.5, 762.5, 781.5, 746.0, 762.5, 753.5, 793.5, 766.5, 755.0, 753.5, 770.5, 762.5, 756.5, 750.0, 769.0]",3,2,0,0,1,1,0,7,1,1,2,2,2,3
43,5,43/mutation_5,15,"[759.5, 775.0, 776.0, 781.0, 764.5, 779.5, 768.5, 773.5, 778.0, 798.0, 775.0, 780.5, 771.0, 765.0, 764.0]",3,3,0,0,0,0,0,1,1,1,1,0,0,0
43,6,43/mutation_6,15,"[771.5, 762.5, 762.5, 761.0, 752.0, 760.5, 784.5, 764.0, 762.5, 756.0, 760.0, 762.5, 769.0, 771.5, 755.5]",5,5,0,0,1,0,0,6,1,1,2,2,0,0
43,7,43/mutation_7,15,"[1594.5, 1603.0, 1587.0, 1564.5, 1616.0, 1606.0, 1644.5, 1625.0, 1608.0, 1597.0, 1602.0, 1588.5, 1576.0, 1601.0, 1593.5]",10,3,0,0,1,4,0,6,1,1,2,2,2,3
43,8,43/mutation_8,15,"[1098.0, 1128.5, 1108.0, 1130.5, 1111.0, 1171.0, 1109.0, 1099.0, 1117.5, 1118.5, 1106.5, 1118.0, 1100.5, 1138.5, 1124.5]",4,3,0,0,1,1,1,6,1,1,2,2,2,3
44,0,44/base,15,"[506.5, 508.0, 523.0, 510.5, 494.5, 516.5, 507.5, 496.0, 507.5, 554.0, 505.5, 506.5, 505.0, 514.5, 512.0]",20,6,0,0,2,0,0,6,0,0,0,2,0,0
44,1,44/mutation_1,15,"[527.5, 527.0, 528.5, 536.5, 525.0, 531.0, 529.0, 512.0, 513.0, 540.0, 534.5, 536.0, 526.0, 520.0, 534.0]",36,11,0,0,2,0,0,6,0,0,0,2,0,0
44,3,44/mutation_3,15,"[538.0, 519.5, 511.5, 498.5, 516.5, 529.5, 519.0, 516.0, 540.0, 518.5, 541.0, 527.0, 546.5, 523.0, 547.5]",22,6,0,0,0,0,0,6,0,0,0,2,0,0
44,4,44/mutation_4,15,"[511.5, 511.0, 514.0, 525.0, 506.5, 517.5, 515.5, 510.5, 524.0, 507.0, 519.0, 493.0, 505.5, 517.5, 519.0]",16,6,2,0,2,0,0,6,2,1,1,3,0,0
44,5,44/mutation_5,15,"[474.5, 463.5, 463.5, 480.0, 476.5, 471.5, 465.0, 466.5, 473.5, 472.5, 465.0, 458.5, 476.0, 465.0, 478.5]",13,7,0,0,3,0,0,8,0,0,0,2,0,0
44,6,44/mutation_6,15,"[507.0, 509.5, 504.5, 510.0, 523.5, 511.5, 510.5, 512.5, 508.0, 523.5, 514.0, 501.0, 528.0, 492.5, 531.0]",16,6,2,0,2,0,0,6,1,1,1,3,0,0
44,7,44/mutation_7,15,"[524.5, 513.0, 518.0, 520.0, 538.5, 532.0, 565.5, 500.0, 513.0, 520.0, 508.0, 535.0, 545.0, 538.5, 525.5]",24,6,0,0,2,0,0,6,0,0,0,2,0,0
44,8,44/mutation_8,15,"[924.0, 911.5, 929.0, 916.5, 949.0, 937.5, 929.5, 930.5, 982.0, 1019.5, 926.5, 919.0, 946.5, 933.0, 931.0]",21,7,0,0,2,0,1,6,0,0,0,2,0,0
45,0,45/base,15,"[1962.5, 2010.0, 1965.5, 1961.0, 1982.0, 2012.0, 1841.0, 1994.5, 2018.0, 1762.0, 1815.0, 1934.5, 1995.0, 1946.0, 2035.0]",15,9,2,0,7,0,0,3,0,0,0,0,0,0
45,1,45/mutation_1,15,"[2013.5, 1774.5, 1907.0, 1964.5, 2003.5, 1953.0, 1976.5, 1940.0, 1916.0, 1982.0, 1713.0, 1951.0, 2009.5, 2005.0, 1982.0]",24,14,2,0,7,0,0,3,0,0,0,0,0,0
45,2,45/mutation_2,15,"[1992.0, 1796.0, 1787.5, 1974.5, 1874.0, 1890.5, 1972.5, 1979.5, 1657.5, 1873.0, 2014.0, 1974.5, 1897.0, 1990.0, 1824.5]",15,9,2,0,7,0,0,3,0,0,0,0,0,0
45,3,45/mutation_3,15,"[2308.5, 2248.0, 2225.0, 2242.0, 2373.5, 2237.5, 2227.0, 2150.0, 2231.0, 2193.0, 2286.0, 2221.0, 1906.5, 2053.5, 2228.0]",26,9,2,0,0,0,0,4,0,0,0,7,0,0
45,4,45/mutation_4,15,"[937.0, 957.0, 948.0, 947.0, 917.0, 916.5, 956.5, 940.5, 883.0, 894.0, 927.0, 886.0, 901.0, 876.5, 870.5]",15,9,0,0,7,0,0,3,0,0,0,0,0,0
45,5,45/mutation_5,15,"[1992.0, 1833.5, 1959.5, 1979.5, 1996.0, 1937.0, 1999.5, 1987.5, 1802.5, 1956.0, 1950.5, 1992.5, 1851.5, 1862.0, 1976.5]",17,10,2,0,7,0,0,5,0,0,0,0,0,0
45,6,45/mutation_6,15,"[2016.0, 2006.0, 1992.0, 1917.0, 1958.5, 2031.5, 1983.5, 2020.0, 1971.0, 1953.5, 2007.0, 1996.5, 1987.5, 2017.0, 2006.5]",10,5,2,0,6,4,0,2,0,0,0,1,5,5
45,7,45/mutation_7,15,"[2412.0, 2388.5, 2367.0, 2387.0, 2293.0, 2362.0, 2365.5, 2255.0, 2180.5, 2391.0, 2371.5, 2375.5, 2365.0, 2357.5, 2381.0]",19,9,2,0,11,0,0,3,0,0,0,0,0,0
45,8,45/mutation_8,15,"[1957.5, 2075.5, 1646.0, 1798.5, 2087.5, 2078.5, 1952.5, 1945.5, 1756.0, 1896.5, 2103.5, 2072.5, 2091.5, 1846.5, 2106.5]",16,10,2,0,7,0,1,3,0,0,0,0,0,0
