group,project
01,nknorg_nMobile
02,Hash-Studios_Prism
03,nknorg_nMobile
04,Hash-Studios_Prism
05,SatoshiPortal_bullbitcoin-mobile
06,SatoshiPortal_bullbitcoin-mobile
07,Hash-Studios_Prism
08,SatoshiPortal_bullbitcoin-mobile
10,SatoshiPortal_bullbitcoin-mobile
11,SatoshiPortal_bullbitcoin-mobile
12,deckerst_aves
13,SatoshiPortal_bullbitcoin-mobile
14,WheretoSleepinNJU_NJU-Class-Shedule-Flutter
15,SatoshiPortal_bullbitcoin-mobile
16,SatoshiPortal_bullbitcoin-mobile
17,DompetApp_Dompet.flutter
18,DompetApp_Dompet.flutter
19,DompetApp_Dompet.flutter
20,DompetApp_Dompet.flutter
21,DompetApp_Dompet.flutter
22,DompetApp_Dompet.flutter
23,DompetApp_Dompet.flutter
24,deckerst_aves
25,deckerst_aves
26,deckerst_aves
27,WheretoSleepinNJU_NJU-Class-Shedule-Flutter
28,deckerst_aves
29,WheretoSleepinNJU_NJU-Class-Shedule-Flutter
30,fluttercandies_wechat_flutter
32,fluttercandies_wechat_flutter
33,fluttercandies_wechat_flutter
34,fluttercandies_wechat_flutter
35,fluttercandies_wechat_flutter
36,deckerst_aves
37,deckerst_aves
38,deckerst_aves
39,WheretoSleepinNJU_NJU-Class-Shedule-Flutter
40,SatoshiPortal_bullbitcoin-mobile
41,SatoshiPortal_bullbitcoin-mobile
42,fluttercandies_wechat_flutter
43,deckerst_aves
44,Hash-Studios_Prism
45,amugofjava_anytime_podcast_player
46,deckerst_aves
47,deckerst_aves
48,SatoshiPortal_bullbitcoin-mobile
49,nknorg_nMobile
50,WheretoSleepinNJU_NJU-Class-Shedule-Flutter
51,deckerst_aves
52,fluttercandies_wechat_flutter
53,deckerst_aves
54,deckerst_aves
55,deckerst_aves
56,SatoshiPortal_bullbitcoin-mobile
57,Hash-Studios_Prism
58,fluttercandies_wechat_flutter
59,WheretoSleepinNJU_NJU-Class-Shedule-Flutter
60,deckerst_aves
61,deckerst_aves
62,SatoshiPortal_bullbitcoin-mobile
63,fluttercandies_wechat_flutter
64,deckerst_aves
65,fluttercandies_wechat_flutter
66,deckerst_aves
67,SatoshiPortal_bullbitcoin-mobile
68,fluttercandies_wechat_flutter
